algorithm,dataset,lambda_,target_lr,basis
cox,big_rw,0.0,1.0,val_bs|val_ci|val_td_bs|val_td_ci
cox,churn_lastfm_months,0.0,1.0,val_bs|val_ci|val_td_bs|val_td_ci
cox,nasa,0.0,1.0,val_bs|val_ci|val_td_bs|val_td_ci
cox,scania,0.0,1.0,val_bs|val_ci|val_td_bs|val_td_ci
ddh,big_rw,0.0,1.0,val_bs|val_ci|val_td_bs|val_td_ci
ddh,churn_lastfm_months,0.0,1.0,val_bs|val_ci|val_td_bs|val_td_ci
ddh,nasa,0.0,1.0,val_bs|val_ci|val_td_bs|val_td_ci
ddh,scania,0.0,1.0,val_bs|val_ci|val_td_bs|val_td_ci
inc_tc_cox,big_rw,0.1,1.0,val_td_bs
inc_tc_cox,big_rw,0.5,1.0,val_bs|val_ci|val_td_ci
inc_tc_cox,churn_lastfm_months,0.95,1.0,val_bs|val_ci|val_td_bs|val_td_ci
inc_tc_cox,nasa,0.1,1.0,val_ci|val_td_ci
inc_tc_cox,nasa,0.5,1.0,val_td_bs
inc_tc_cox,nasa,0.95,1.0,val_bs
inc_tc_cox,scania,0.1,1.0,val_ci|val_td_bs
inc_tc_cox,scania,0.95,1.0,val_bs|val_td_ci
inc_tc_ddh,big_rw,0.5,1.0,val_bs
inc_tc_ddh,big_rw,0.95,1.0,val_ci|val_td_bs|val_td_ci
inc_tc_ddh,churn_lastfm_months,0.1,1.0,val_td_bs
inc_tc_ddh,churn_lastfm_months,0.5,1.0,val_bs|val_ci
inc_tc_ddh,churn_lastfm_months,0.95,1.0,val_td_ci
inc_tc_ddh,nasa,0.1,1.0,val_ci
inc_tc_ddh,nasa,0.5,1.0,val_td_bs
inc_tc_ddh,nasa,0.95,1.0,val_bs|val_td_ci
inc_tc_ddh,scania,0.1,1.0,val_td_bs
inc_tc_ddh,scania,0.5,1.0,val_bs|val_ci
inc_tc_ddh,scania,0.95,1.0,val_td_ci
tc_cox,big_rw,0.1,0.99,val_td_bs
tc_cox,big_rw,0.5,0.05,val_ci
tc_cox,big_rw,0.5,0.1,val_bs|val_td_ci
tc_cox,churn_lastfm_months,0.5,0.05,val_td_bs|val_td_ci
tc_cox,churn_lastfm_months,0.5,0.1,val_bs
tc_cox,churn_lastfm_months,0.95,0.05,val_ci
tc_cox,nasa,0.1,0.1,val_ci
tc_cox,nasa,0.95,0.05,val_bs|val_td_bs|val_td_ci
tc_cox,scania,0.1,0.25,val_bs
tc_cox,scania,0.1,0.9,val_td_bs
tc_cox,scania,0.1,0.95,val_ci
tc_cox,scania,0.95,0.05,val_td_ci
tc_ddh,big_rw,0.5,0.05,val_td_bs
tc_ddh,big_rw,0.5,0.9,val_bs
tc_ddh,big_rw,0.95,0.25,val_ci
tc_ddh,big_rw,0.95,0.9,val_td_ci
tc_ddh,churn_lastfm_months,0.1,0.25,val_bs
tc_ddh,churn_lastfm_months,0.1,0.99,val_ci
tc_ddh,churn_lastfm_months,0.95,0.05,val_td_bs|val_td_ci
tc_ddh,nasa,0.1,0.1,val_td_ci
tc_ddh,nasa,0.1,0.75,val_ci
tc_ddh,nasa,0.5,0.1,val_td_bs
tc_ddh,nasa,0.95,0.05,val_bs
tc_ddh,scania,0.1,0.95,val_td_bs
tc_ddh,scania,0.95,0.05,val_ci
tc_ddh,scania,0.95,0.1,val_bs|val_td_ci
