metric,family,dataset,cells,baseline wins,Inc-TCSR wins,D-TCSR wins,baseline sig,Inc-TCSR sig,D-TCSR sig,D vs Inc better,D vs Inc better sig,D vs Inc worse,D vs Inc worse sig
C(t),LH,NASA,9,0,0,9,0,0,5,9,9,0,0
C(t),LH,Scania,9,0,0,9,0,0,4,9,9,0,0
C(t),LH,LastFM,9,0,0,9,0,0,7,9,7,0,0
C(t),LH,Large-RW,7,0,0,7,0,0,7,7,7,0,0
C(t),DDH,NASA,9,0,0,9,0,0,9,9,9,0,0
C(t),DDH,Scania,9,8,0,1,2,0,0,8,6,1,0
C(t),DDH,LastFM,9,3,0,6,1,0,4,8,8,1,0
C(t),DDH,Large-RW,7,2,0,5,2,0,2,7,4,0,0
Brier(t) IPCW,LH,NASA,9,1,0,8,0,0,5,9,9,0,0
Brier(t) IPCW,LH,Scania,9,0,0,9,0,0,3,9,7,0,0
Brier(t) IPCW,LH,LastFM,9,0,1,8,0,0,5,8,6,1,0
Brier(t) IPCW,LH,Large-RW,7,4,1,2,3,0,0,2,0,5,0
Brier(t) IPCW,DDH,NASA,9,0,0,9,0,0,9,9,9,0,0
Brier(t) IPCW,DDH,Scania,9,7,0,2,3,0,0,9,5,0,0
Brier(t) IPCW,DDH,LastFM,9,3,0,6,1,0,1,9,9,0,0
Brier(t) IPCW,DDH,Large-RW,7,1,2,4,1,0,4,4,4,3,3
