algorithm,dataset,metric,n_seeds,mean,sem
cox,big_rw,test_ci,11,0.9451177334813372,0.003594301739606968
cox,churn_lastfm_months,test_ci,11,0.7215444576348523,0.022389226798393558
cox,mimic,test_ci,11,0.4848484848484849,0.010163945352271768
cox,nasa,test_ci,11,0.5031528361971662,0.00652371799505271
ddh,big_rw,test_ci,11,0.9826719010627691,0.0005820853279181894
ddh,churn_lastfm_months,test_ci,11,0.9682179152328068,0.00170456194579849
ddh,mimic,test_ci,10,0.7764196914196914,0.049239923993975955
ddh,nasa,test_ci,11,0.8074586136044167,0.03611076699833152
inc_tc_cox,big_rw,test_ci,11,0.9608506313642117,0.0015500163049933361
inc_tc_cox,churn_lastfm_months,test_ci,11,0.7321826896885085,0.00630144031484562
inc_tc_cox,mimic,test_ci,11,0.6124251565428035,0.08585142254036224
inc_tc_cox,nasa,test_ci,11,0.5016867916826657,0.014771410140358692
inc_tc_ddh,big_rw,test_ci,11,0.995341370220924,0.0005670766046461924
inc_tc_ddh,churn_lastfm_months,test_ci,11,0.9778104845729001,0.0010647672061100226
inc_tc_ddh,mimic,test_ci,11,0.6841694847042441,0.07106393126502712
inc_tc_ddh,nasa,test_ci,11,0.8706299660718066,0.013209019963638383
tc_cox,big_rw,test_ci,11,0.9711566738339571,0.0019271837018405918
tc_cox,churn_lastfm_months,test_ci,11,0.7555617554467492,0.005951282233264355
tc_cox,mimic,test_ci,11,0.579927944901207,0.07565269299915024
tc_cox,nasa,test_ci,11,0.49213835845052417,0.015362488538449735
tc_ddh,big_rw,test_ci,11,0.9891562122313531,0.0008568166378753214
tc_ddh,churn_lastfm_months,test_ci,11,0.9812196497308356,0.0010380969447682715
tc_ddh,mimic,test_ci,10,0.6446603396603396,0.07766655463111219
tc_ddh,nasa,test_ci,10,0.8721622753480741,0.01613242113168322
cox,big_rw,test_bs,11,0.041292899743045515,0.0021360861819716254
cox,churn_lastfm_months,test_bs,11,0.15582959122003182,0.00953985197741019
cox,mimic,test_bs,11,0.1902699897488599,0.021523647978893133
cox,nasa,test_bs,11,0.3041042598831559,0.014388173098323343
ddh,big_rw,test_bs,11,0.042706068899792185,0.0017644858463971346
ddh,churn_lastfm_months,test_bs,11,0.05836177023445976,0.003015705174077655
ddh,mimic,test_bs,10,0.26622322894288536,0.05106246652285658
ddh,nasa,test_bs,11,0.07322490646747014,0.010324962555315731
inc_tc_cox,big_rw,test_bs,11,0.03862356359098602,0.0015315795415045525
inc_tc_cox,churn_lastfm_months,test_bs,11,0.14290009075949486,0.0027264660762614705
inc_tc_cox,mimic,test_bs,11,0.3514460836828546,0.04626110941345311
inc_tc_cox,nasa,test_bs,11,0.17602138976627418,0.008568386949999559
inc_tc_ddh,big_rw,test_bs,11,0.021060575643514236,0.0014730990140385512
inc_tc_ddh,churn_lastfm_months,test_bs,11,0.04000548162365036,0.0017176942375286084
inc_tc_ddh,mimic,test_bs,11,0.2686182522539094,0.03200277783530332
inc_tc_ddh,nasa,test_bs,11,0.052100559229681646,0.005084316111979927
tc_cox,big_rw,test_bs,11,0.030856615776371842,0.0015217273873126599
tc_cox,churn_lastfm_months,test_bs,11,0.13464991256806955,0.002415930077782314
tc_cox,mimic,test_bs,11,0.29380773463666027,0.04671496022207032
tc_cox,nasa,test_bs,11,0.14093134369623464,0.005689666529272696
tc_ddh,big_rw,test_bs,11,0.01960207009109647,0.0014151953673659705
tc_ddh,churn_lastfm_months,test_bs,11,0.035071568872050055,0.0011681546683665765
tc_ddh,mimic,test_bs,10,0.32833790412788455,0.042755821307106125
tc_ddh,nasa,test_bs,10,0.057950023120240376,0.007887883114846244
