dataset,algorithm,n_train,metric,n_seeds,mean,sem,std
aids,cox,10,test_ci,30,0.6402980239714934,0.012816327902197052,0.0701979189641619
aids,cox,20,test_ci,30,0.6607061872367995,0.00869300781547126,0.04761356473102316
aids,cox,30,test_ci,30,0.6552478134110787,0.009283578660168277,0.05084825446547752
aids,cox,50,test_ci,30,0.6642290249433107,0.00813449829685659,0.044554482111757096
aids,cox,75,test_ci,30,0.6731454486556527,0.00775780271947889,0.042491235461335104
aids,cox,100,test_ci,30,0.6723275024295432,0.008186052441562165,0.04483685579163838
aids,d_tcsr,10,test_ci,30,0.6423631357304826,0.013140649544232809,0.0719743017564629
aids,d_tcsr,20,test_ci,30,0.645683511499838,0.008932398878639424,0.04892476358464664
aids,d_tcsr,30,test_ci,30,0.6435050210560415,0.008023915889626485,0.04394879732272559
aids,d_tcsr,50,test_ci,30,0.6538062844185295,0.007874920013952498,0.0431327133019068
aids,d_tcsr,75,test_ci,30,0.647772918691286,0.007937211891517176,0.04347389996682204
aids,d_tcsr,100,test_ci,30,0.6565354713313898,0.007639621998070331,0.04184393299155809
aids,inc_tcsr,10,test_ci,30,0.6386297376093295,0.011506681351364187,0.06302468938166193
aids,inc_tcsr,20,test_ci,30,0.6311548428895368,0.009365429174637695,0.05129656819666055
aids,inc_tcsr,30,test_ci,30,0.6201490119857468,0.008943900701622265,0.04898776166364797
aids,inc_tcsr,50,test_ci,30,0.6109005506964691,0.008471359852785923,0.04639954884114494
aids,inc_tcsr,75,test_ci,30,0.6103417557499191,0.006125159877053966,0.03354888232988027
aids,inc_tcsr,100,test_ci,30,0.6104875283446712,0.005307707068825777,0.02907150890225503
aids,tcsr_fitted,10,test_ci,30,0.6453676708778749,0.01408070772481601,0.07712321246518974
aids,tcsr_fitted,20,test_ci,30,0.6591998704243603,0.010263979073436765,0.0562181286828229
aids,tcsr_fitted,30,test_ci,30,0.6630385487528344,0.00809777875296281,0.04435336088683785
aids,tcsr_fitted,50,test_ci,30,0.678093618399741,0.005836736004768097,0.031969119720140673
aids,tcsr_fitted,75,test_ci,30,0.6806851311953352,0.004412841089378746,0.0241701260733841
aids,tcsr_fitted,100,test_ci,30,0.6954486556527372,0.004582317078248141,0.025098384293976723
pbc2,cox,10,test_ci,30,0.6812992125984253,0.028141013253554007,0.15413467750023377
pbc2,cox,20,test_ci,30,0.7252952755905512,0.022343900156824442,0.12238258138535965
pbc2,cox,30,test_ci,30,0.7358431758530186,0.025656319340172692,0.14052544845168644
pbc2,cox,50,test_ci,30,0.7161089238845143,0.018179356926407764,0.09957243869531317
pbc2,cox,75,test_ci,30,0.7494750656167978,0.01629031994175078,0.08922575701073146
pbc2,cox,100,test_ci,30,0.7481791338582676,0.01634069099531803,0.08950165063357231
pbc2,d_tcsr,10,test_ci,30,0.7571358267716536,0.017811184201076264,0.09755587362809101
pbc2,d_tcsr,20,test_ci,30,0.8216207349081367,0.0069137116181021245,0.03786795809320076
pbc2,d_tcsr,30,test_ci,30,0.8110564304461939,0.015952131423976352,0.08737342221198854
pbc2,d_tcsr,50,test_ci,30,0.8094160104986876,0.013936132774806431,0.07633134285148546
pbc2,d_tcsr,75,test_ci,30,0.8366961942257217,0.011706171961319603,0.0641173444524924
pbc2,d_tcsr,100,test_ci,30,0.8570866141732284,0.004441285208850077,0.024325920932012298
pbc2,inc_tcsr,10,test_ci,30,0.7081692913385828,0.027516253789747227,0.1507127289868157
pbc2,inc_tcsr,20,test_ci,30,0.7356627296587928,0.02310075000648461,0.12652801873839234
pbc2,inc_tcsr,30,test_ci,30,0.761220472440945,0.02200019849506057,0.12050004985335883
pbc2,inc_tcsr,50,test_ci,30,0.7640912073490812,0.01898276503515526,0.10397288613574883
pbc2,inc_tcsr,75,test_ci,30,0.784744094488189,0.017501195930328988,0.09585799794358799
pbc2,inc_tcsr,100,test_ci,30,0.7848917322834644,0.015042552220461719,0.08239145173596309
pbc2,tcsr_fitted,10,test_ci,30,0.7804625984251969,0.016910143107069477,0.09262066830382451
pbc2,tcsr_fitted,20,test_ci,30,0.8307250656167978,0.011673986178639231,0.0639410556604424
pbc2,tcsr_fitted,30,test_ci,30,0.8498195538057743,0.010594021846301427,0.0580258473992182
pbc2,tcsr_fitted,50,test_ci,30,0.8701607611548557,0.00610776477493066,0.033453605431649866
pbc2,tcsr_fitted,75,test_ci,30,0.8784448818897637,0.0038981388596526488,0.021350985857192206
pbc2,tcsr_fitted,100,test_ci,30,0.8868438320209975,0.003687563187701919,0.02019761540129998
rw,cox,10,test_ci,30,0.5817447947887942,0.008342258964150405,0.045692434152148576
rw,cox,20,test_ci,30,0.6246153538744355,0.007697829819999828,0.042162750362498384
rw,cox,30,test_ci,30,0.6370509131598929,0.006139675487653519,0.03362838760349363
rw,cox,50,test_ci,30,0.6649112816209086,0.0058641747636966985,0.03211940799229209
rw,cox,75,test_ci,30,0.6712424569396156,0.003655586493011319,0.020022471831335008
rw,cox,100,test_ci,30,0.6719428126123965,0.0036853410176096143,0.020185444074438293
rw,d_tcsr,10,test_ci,30,0.620102505694761,0.007120615325269826,0.039001216369672694
rw,d_tcsr,20,test_ci,30,0.6608460216600728,0.0052517696863607,0.028765127240415866
rw,d_tcsr,30,test_ci,30,0.683704991407905,0.0038497168188434275,0.021085767416875744
rw,d_tcsr,50,test_ci,30,0.7009890900371659,0.0027845970504134575,0.015251866180738009
rw,d_tcsr,75,test_ci,30,0.7060893977540661,0.002512136117562044,0.013759536191121816
rw,d_tcsr,100,test_ci,30,0.7094832753866445,0.0019589170872367713,0.01072943076961895
rw,inc_tcsr,10,test_ci,30,0.618408064580586,0.007240655059081791,0.03965870106972998
rw,inc_tcsr,20,test_ci,30,0.6562922111657274,0.0053882674195638676,0.029512756115652836
rw,inc_tcsr,30,test_ci,30,0.677174999000919,0.003928685524213539,0.02151829682955764
rw,inc_tcsr,50,test_ci,30,0.6939555608839869,0.00337309285934931,0.018475190476252176
rw,inc_tcsr,75,test_ci,30,0.7047356432082484,0.0031786053736946192,0.01740993864579681
rw,inc_tcsr,100,test_ci,30,0.7088288774327618,0.0027055874705251286,0.014819112889099567
rw,tcsr_fitted,10,test_ci,30,0.6306947608200455,0.006839758398239051,0.037462899626009315
rw,tcsr_fitted,20,test_ci,30,0.6656835711145747,0.004718829966409996,0.025846096176341003
rw,tcsr_fitted,30,test_ci,30,0.6843444031491029,0.0034938164687907574,0.01913642091739742
rw,tcsr_fitted,50,test_ci,30,0.6990528713583504,0.002933766227525723,0.016068899412626722
rw,tcsr_fitted,75,test_ci,30,0.7050913159892899,0.002812503357207735,0.015404715318016862
rw,tcsr_fitted,100,test_ci,30,0.7074481477041121,0.0024915237980102575,0.013646637867311632
aids,cox,10,test_bs,30,0.1878752624377917,0.006580936314008724,0.036045272686874796
aids,cox,20,test_bs,30,0.180466982132664,0.0048554384042510095,0.026594331405851657
aids,cox,30,test_bs,30,0.17353316204242036,0.00393390210816447,0.021546869236588082
aids,cox,50,test_bs,30,0.16862992005801142,0.0030925846164716205,0.016938783554349694
aids,cox,75,test_bs,30,0.16784614787929683,0.0024584715787565417,0.013465603406702964
aids,cox,100,test_bs,30,0.1660642408737611,0.0017979398288988145,0.009847722013248595
aids,d_tcsr,10,test_bs,30,0.18890217423088698,0.004161207598089185,0.022791872679353377
aids,d_tcsr,20,test_bs,30,0.18266473305439426,0.0027567995541434975,0.015099613023245782
aids,d_tcsr,30,test_bs,30,0.17844629086453048,0.0023615064477060534,0.012934503511024993
aids,d_tcsr,50,test_bs,30,0.1753771232482209,0.002060639361288371,0.011286586610606787
aids,d_tcsr,75,test_bs,30,0.17226177074370755,0.0018622241517968702,0.010199821750700704
aids,d_tcsr,100,test_bs,30,0.17215375704341057,0.0017383792287181741,0.009521495170673765
aids,inc_tcsr,10,test_bs,30,0.18443982869420317,0.005764906226580168,0.031575691821999465
aids,inc_tcsr,20,test_bs,30,0.17754676018551638,0.0031770049300133604,0.01740117265473439
aids,inc_tcsr,30,test_bs,30,0.17712297827158865,0.003037010525219671,0.01663439172043426
aids,inc_tcsr,50,test_bs,30,0.1752633886366577,0.002496596031277739,0.013674419633086908
aids,inc_tcsr,75,test_bs,30,0.17296297645278044,0.0019054191072839413,0.010436410265607708
aids,inc_tcsr,100,test_bs,30,0.17077728328742195,0.0015875056045373287,0.008695126297709705
aids,tcsr_fitted,10,test_bs,30,0.2011716906618793,0.004417764439069753,0.02419709237022661
aids,tcsr_fitted,20,test_bs,30,0.18621554805279733,0.0034145937502783534,0.018702500217436163
aids,tcsr_fitted,30,test_bs,30,0.1776011650264149,0.0023369841111205744,0.012800189141918984
aids,tcsr_fitted,50,test_bs,30,0.16101281053025965,0.002109555669318472,0.01155451226398636
aids,tcsr_fitted,75,test_bs,30,0.15498644411441956,0.0016853997785397916,0.009231314771204552
aids,tcsr_fitted,100,test_bs,30,0.15147467459225897,0.0012485503768969583,0.00683859205608041
pbc2,cox,10,test_bs,30,0.22904645476467508,0.011174784352955778,0.06120681465369651
pbc2,cox,20,test_bs,30,0.20296218613687975,0.008130569996589681,0.044532965925068696
pbc2,cox,30,test_bs,30,0.19022699739932936,0.009323925551152969,0.051069243488652695
pbc2,cox,50,test_bs,30,0.1906777760186743,0.0065023836005176135,0.035615021755551576
pbc2,cox,75,test_bs,30,0.1700362297744063,0.0068566449518291835,0.03755539108920767
pbc2,cox,100,test_bs,30,0.17105203874859373,0.006590161829580937,0.036095802916709954
pbc2,d_tcsr,10,test_bs,30,0.18135238478994392,0.010874270258321609,0.059560831168902754
pbc2,d_tcsr,20,test_bs,30,0.14508887886598804,0.005776401110243215,0.03163865189278095
pbc2,d_tcsr,30,test_bs,30,0.13770133715579855,0.006912866633246987,0.03786332992054167
pbc2,d_tcsr,50,test_bs,30,0.1478893156152503,0.01143638592284084,0.06263966546274465
pbc2,d_tcsr,75,test_bs,30,0.13337128037234217,0.005720209291431062,0.03133087662567435
pbc2,d_tcsr,100,test_bs,30,0.12176391865382971,0.004052515910335064,0.022196543787390974
pbc2,inc_tcsr,10,test_bs,30,0.2160956232278779,0.012751526122213702,0.06984298499752822
pbc2,inc_tcsr,20,test_bs,30,0.187146353197197,0.007571143793047508,0.04146886241567345
pbc2,inc_tcsr,30,test_bs,30,0.1709953610171821,0.008422763575693014,0.04613337606939936
pbc2,inc_tcsr,50,test_bs,30,0.1668265935942444,0.007959956340340534,0.0435984764436078
pbc2,inc_tcsr,75,test_bs,30,0.15541202000754512,0.007234607412934303,0.039625576747582096
pbc2,inc_tcsr,100,test_bs,30,0.15550392145080766,0.006631299401516508,0.03632112267781099
pbc2,tcsr_fitted,10,test_bs,30,0.17831539218166262,0.011175386222239103,0.06121011122752798
pbc2,tcsr_fitted,20,test_bs,30,0.1494948268852678,0.008409945069737395,0.046063166220745286
pbc2,tcsr_fitted,30,test_bs,30,0.12904137377134728,0.00791045785380879,0.043327362067249776
pbc2,tcsr_fitted,50,test_bs,30,0.11276368394952639,0.004455551489424847,0.024404060568837295
pbc2,tcsr_fitted,75,test_bs,30,0.10758139115684745,0.0026862545764667614,0.014713222267323313
pbc2,tcsr_fitted,100,test_bs,30,0.10543050146199585,0.0026027104392942436,0.014255632182556375
rw,cox,10,test_bs,30,0.3004770040506533,0.006004714080423906,0.032889173532170635
rw,cox,20,test_bs,30,0.2661317746702442,0.0042064994699581625,0.023039946478296106
rw,cox,30,test_bs,30,0.25639360594164945,0.004504509198779718,0.024672212986611736
rw,cox,50,test_bs,30,0.23559975139862732,0.0034417896123555155,0.018851458088740773
rw,cox,75,test_bs,30,0.23190291251700954,0.00293640578650316,0.016083356872564795
rw,cox,100,test_bs,30,0.22990934026269863,0.002372327078685168,0.012993770547761995
rw,d_tcsr,10,test_bs,30,0.2669480352238276,0.003473363692553512,0.01902439644830997
rw,d_tcsr,20,test_bs,30,0.222678397550856,0.004109362403287102,0.02250790485243987
rw,d_tcsr,30,test_bs,30,0.20505783216203916,0.0015710164654784981,0.008604811563546096
rw,d_tcsr,50,test_bs,30,0.19743722591633855,0.0014061380637233579,0.007701735364679198
rw,d_tcsr,75,test_bs,30,0.1965700548145389,0.0015598682633792711,0.008543750345892364
rw,d_tcsr,100,test_bs,30,0.19521127564651206,0.0010693533183473262,0.005857089344018336
rw,inc_tcsr,10,test_bs,30,0.2685742730828044,0.004384669273582582,0.024015822683409706
rw,inc_tcsr,20,test_bs,30,0.23488576920042664,0.003351521595023938,0.01835703979560305
rw,inc_tcsr,30,test_bs,30,0.22346971763760523,0.001956532376737015,0.010716369172280589
rw,inc_tcsr,50,test_bs,30,0.21736609433963452,0.0019225348344375152,0.01053015696410887
rw,inc_tcsr,75,test_bs,30,0.21474209184851617,0.0019155938586477264,0.010492139673997224
rw,inc_tcsr,100,test_bs,30,0.21417632363300096,0.0015522639511345263,0.00850209981238477
rw,tcsr_fitted,10,test_bs,30,0.23262767060196293,0.0037138218013526374,0.020341439751553097
rw,tcsr_fitted,20,test_bs,30,0.2116810587110446,0.002454886920128416,0.013445969422787165
rw,tcsr_fitted,30,test_bs,30,0.20226965143914252,0.0016563406504550638,0.00907215137167018
rw,tcsr_fitted,50,test_bs,30,0.19712989118051344,0.001128019181866697,0.006178415512069124
rw,tcsr_fitted,75,test_bs,30,0.19463656178852373,0.0009244325713465663,0.005063325722190182
rw,tcsr_fitted,100,test_bs,30,0.19341717946476839,0.0007679526794580948,0.004206250056357328
