H,tau,run,ci,ibs,ci_ipcw,ibs_ipcw,epochs
30,0.01,0,0.7614560771005454,0.24255383060008853,0.751238919252979,0.09510854845938607,264
30,0.01,1,0.7468739049554222,0.23510503035789473,0.7364375519032813,0.09845646900199151,398
30,0.01,10,0.747933378957741,0.2441921658289761,0.7338959809961567,0.09500199819007567,224
30,0.01,11,0.6883347326386194,0.2506095250401806,0.691987099016976,0.10207632139272499,197
30,0.01,12,0.7330407726987308,0.24335749709323987,0.7229745649780799,0.0963518770412845,218
30,0.01,13,0.7385980136920258,0.23383835433760772,0.7346433882462002,0.09619662096470677,340
30,0.01,14,0.7058425111297685,0.24890726246429273,0.6874389231155488,0.10318388240321184,216
30,0.01,15,0.7502710419062536,0.23971024270943195,0.7478166824388266,0.09610304176193388,287
30,0.01,16,0.7495549268480824,0.24288585717922917,0.7400818864790746,0.09439860181045762,214
30,0.01,17,0.7348681007782019,0.24158713796415723,0.7346221441124781,0.09972707026977769,314
30,0.01,18,0.7485413124307697,0.23685176107782827,0.7298711832982483,0.09729850301595294,365
30,0.01,19,0.7495419920933372,0.2420738482525644,0.7443983081944417,0.0950037886355355,212
30,0.01,2,0.7447161526865486,0.2445235029774222,0.7491531315784391,0.09499538398186848,202
30,0.01,20,0.7467092808041185,0.2402808011364796,0.7559029722474362,0.09724176336420375,250
30,0.01,21,0.7281808325748863,0.2352822773847023,0.7159640008497653,0.1035905653295234,378
30,0.01,22,0.7659362057895962,0.2365290470188097,0.7578458448405724,0.09349900430439845,324
30,0.01,23,0.7469891418613347,0.2471100291839456,0.7320921609146566,0.09700376469446757,236
30,0.01,24,0.7547029592367084,0.24433433829836199,0.7560690627474459,0.09468241922481754,191
30,0.01,25,0.72701200110063,0.2465570567654278,0.7200660499430271,0.09544924873991709,228
30,0.01,26,0.761304387703987,0.23627979451042144,0.7394889820197378,0.09352527388344312,301
30,0.01,27,0.7236654272819847,0.2460927751517144,0.7178257594777806,0.09739798300791194,246
30,0.01,28,0.7526980722511882,0.23734090042315262,0.7455203847119488,0.09562711307167246,339
30,0.01,29,0.7321835512251564,0.24723132026320258,0.7146101701461983,0.09550017371388399,169
30,0.01,3,0.736296803234159,0.24989983666311566,0.7379555418219742,0.09533571625147733,143
30,0.01,4,0.7233138371302718,0.24836668755702102,0.727455145908573,0.09804460521933113,167
30,0.01,5,0.7223954695433561,0.2509995477260723,0.7093628691168234,0.09728411172867456,177
30,0.01,6,0.7174861421741207,0.24369499509758386,0.7071496166399506,0.09956894018480707,198
30,0.01,7,0.744425708648177,0.223924062027413,0.7352304988508855,0.1077684868788208,661
30,0.01,8,0.7288840128783122,0.2466188742430431,0.723436142065316,0.09720932370686147,199
30,0.01,9,0.7223578411659153,0.24987183890213027,0.7254813727572954,0.09665755393819345,142
30,0.05,0,0.7748623624506421,0.2169530830871797,0.7609378319395894,0.09712655227701314,144
30,0.05,1,0.7700917897232198,0.20687327847973025,0.7596496649220726,0.09581780503675165,165
30,0.05,10,0.7594547177754103,0.21237851489487394,0.7448753355607486,0.10002816984436293,148
30,0.05,11,0.7185550232707997,0.23009909543988455,0.7089688870005214,0.10856404815085223,121
30,0.05,12,0.7242757125286035,0.22767227411191907,0.7101276579308213,0.1100475517696826,125
30,0.05,13,0.7616054147235137,0.21200288919370006,0.7508584561308639,0.10853262883929116,140
30,0.05,14,0.7183715849307756,0.22992256542753853,0.6996794067092836,0.11772249277614649,138
30,0.05,15,0.7623050673665545,0.2201774666613561,0.7529616253693583,0.09743266817290741,120
30,0.05,16,0.7526545644397723,0.21887499499360316,0.743214430560652,0.09837125039681142,117
30,0.05,17,0.7351726554581137,0.21950697067676128,0.7276405492574209,0.17827502016757937,410
30,0.05,18,0.7442034660439171,0.2141954285230845,0.7266478688271307,0.10272815753105571,174
30,0.05,19,0.7679998871148677,0.21488913627968298,0.7543154560729253,0.09811193957240259,128
30,0.05,2,0.7600661789088241,0.22080828618252984,0.748239633828386,0.10013444365411116,132
30,0.05,20,0.7682068431907924,0.21497007710049018,0.7688676876726086,0.10375758360560097,120
30,0.05,21,0.7408427815837314,0.21922826475505375,0.7259815755422082,0.12427696700433907,163
30,0.05,22,0.7523464820994753,0.21588770834480264,0.743851754572317,0.09925706230999974,151
30,0.05,23,0.7583035246030794,0.22302096879434427,0.744292087525831,0.10096879148632133,129
30,0.05,24,0.7459002706891402,0.2212474930426067,0.7474381506015952,0.10246700209538437,138
30,0.05,25,0.7608975308729078,0.21227210968570032,0.7505185499913092,0.09627362942937095,144
30,0.05,26,0.7551427408980482,0.21304507758015767,0.7389308406883099,0.1245996303507529,212
30,0.05,27,0.7376914049730604,0.22371465676645952,0.7297166805075417,0.10603642664157362,138
30,0.05,28,0.7628671412545771,0.21870434907773245,0.7484540064504915,0.10618313261398163,153
30,0.05,29,0.7455075244996013,0.21952747333241737,0.7191119952104135,0.09477967838825613,136
30,0.05,3,0.7570323909776558,0.22173772241242096,0.751864655555341,0.08646215493638894,97
30,0.05,4,0.7544619024437279,0.21657902993731917,0.7498290812877808,0.10151827645778441,139
30,0.05,5,0.738028884483233,0.22245238261782557,0.7233724096641495,0.10143752915317536,127
30,0.05,6,0.7157599403590218,0.22822010944246685,0.6980262268487225,0.14694019877869563,172
30,0.05,7,0.7500499751887886,0.21703609469916307,0.7457560014677765,0.1702738263582194,272
30,0.05,8,0.7366131167820211,0.222191512644936,0.7199443789953456,0.1054864380316073,119
30,0.05,9,0.7339767785875718,0.22517924263169206,0.7286930995191101,0.09662832723795231,104
30,0.1,0,0.7720402341425786,0.19344555211634062,0.7580080727708144,0.12016613219244607,140
30,0.1,1,0.7644487089938877,0.1901580256001575,0.7554008381776396,0.12385302233932267,125
30,0.1,10,0.769037019268081,0.19396031941623898,0.7506267019448039,0.11809291528356115,123
30,0.1,11,0.7187866729694199,0.21404559898417178,0.7075899495934646,0.12528428297951655,121
30,0.1,12,0.7204270350484818,0.2154237885692905,0.7053766971165917,0.14989935052010367,125
30,0.1,13,0.7687007156447034,0.19094400096069222,0.7591146990092509,0.14646419209317169,135
30,0.1,14,0.7138820491473645,0.21761509448429803,0.6959655458776725,0.13335024260219008,109
30,0.1,15,0.7593230184543673,0.20035778261555745,0.7478147511539427,0.11414037005517466,118
30,0.1,16,0.7480392087692934,0.20076820078733948,0.7379999613743023,0.11837512973822968,106
30,0.1,17,0.7405958453567758,0.21307922472480012,0.7369454798277294,0.19372999832780952,220
30,0.1,18,0.7522535870426682,0.19333875820186344,0.7410784294791325,0.133842822951014,157
30,0.1,19,0.7695591130050727,0.19249214754140045,0.7511133857355299,0.1341945865792695,131
30,0.1,2,0.7625284858576095,0.1988099180759757,0.7497711427412658,0.11449743537104921,126
30,0.1,20,0.7885285187824398,0.18410680975125282,0.7854670812491551,0.13541671535804392,138
30,0.1,21,0.7432392388719953,0.20525128507970516,0.7300585179319802,0.1679747671802609,153
30,0.1,22,0.7511153286250826,0.19733819367193572,0.7421541551594276,0.1228666223302348,139
30,0.1,23,0.7610621550242115,0.20447919429942016,0.7461789528573359,0.12943569863268642,122
30,0.1,24,0.7444527540444627,0.21048109817123087,0.7426987774966686,0.12142593059110725,124
30,0.1,25,0.7595170397755467,0.19120013388700718,0.7441047528920991,0.1214851726579102,141
30,0.1,26,0.7587115573209536,0.19614895442384458,0.7422005059966396,0.1702704005829367,176
30,0.1,27,0.7452264875555901,0.20454610860277905,0.7345139921589834,0.141989968578468,131
30,0.1,28,0.7583235146785948,0.20421809726880108,0.7499990343575581,0.13964355609540519,138
30,0.1,29,0.7465740538226904,0.19916517812143258,0.7196121979953263,0.11234217693891034,121
30,0.1,3,0.7528262439118462,0.20489417781463787,0.7472121902701867,0.08895391318165613,87
30,0.1,4,0.7503709922838309,0.20085992359182814,0.7441704165781494,0.11742482298577622,114
30,0.1,5,0.7423549720021354,0.20082503194981008,0.7216902605303308,0.12449738777140064,116
30,0.1,6,0.714792185526715,0.22125928636919434,0.6971320419475077,0.2024933411526844,137
30,0.1,7,0.7576838322621005,0.22112746280122914,0.7447073137758551,0.23980728563507048,207
30,0.1,8,0.7183668813835954,0.21437230342572308,0.7089553680063346,0.15555552382374133,128
30,0.1,9,0.7285853376323754,0.2115014220423924,0.7270592325073871,0.11218871229643351,104
30,0.25,0,0.7710489615743713,0.17369325460240767,0.7586106336545704,0.13441387104597635,104
30,0.25,1,0.756197511353187,0.18059125659757205,0.7603545839046718,0.16553157003887484,115
30,0.25,10,0.7470832128049368,0.17710846582010553,0.7299407095540663,0.14168420491580982,109
30,0.25,11,0.7346717276834325,0.18218988755018753,0.7213155912628672,0.1347579320888329,101
30,0.25,12,0.723721869848146,0.210074105771963,0.7146159640008498,0.19814359870768172,94
30,0.25,13,0.7604271761548972,0.17404387286982853,0.7500222097761641,0.15095799284927616,116
30,0.25,14,0.7231797860356388,0.18430990836908764,0.7055157496282276,0.13345385034154825,102
30,0.25,15,0.7429523224940089,0.18627635939490686,0.7378396647289441,0.14571576576837886,105
30,0.25,16,0.7479192683162007,0.1760156915031399,0.7441472411595434,0.1398559871293502,102
30,0.25,17,0.7381641114646611,0.18486172658412095,0.7253172135421696,0.15142926003670548,122
30,0.25,18,0.7532460354976706,0.1760859485718826,0.7427316093396937,0.14734295195882727,103
30,0.25,19,0.7541173676127851,0.1763572155107721,0.7371733714440217,0.16156909047630827,113
30,0.25,2,0.7647650225417498,0.1703684093222147,0.75694779736959,0.11137856177890798,106
30,0.25,20,0.7717921220288281,0.17536376696115047,0.7681492496958227,0.17480795731512572,100
30,0.25,21,0.7382111469364622,0.18600840819525055,0.7236369956932347,0.16585539491331114,121
30,0.25,22,0.7466563658983423,0.18110284709733826,0.7386604608045733,0.14999394487527865,102
30,0.25,23,0.7521889132689418,0.18787868244584996,0.745553216554974,0.16216081768912938,110
30,0.25,24,0.7627154518580187,0.18177756228878433,0.76083740512563,0.1363028034249833,109
30,0.25,25,0.7560822744472744,0.16915549784513328,0.7403368160837405,0.1326647666101994,113
30,0.25,26,0.7567031426750483,0.17568410778466836,0.7428378300083045,0.14773505714446158,106
30,0.25,27,0.7361439379508056,0.18667624774334374,0.7242318314374553,0.15249210499003182,110
30,0.25,28,0.7564009397687266,0.18916464643638914,0.7463836690550223,0.1544434124568714,112
30,0.25,29,0.7444997895162637,0.17669205176850683,0.719372718669731,0.1327977146204503,100
30,0.25,3,0.7459814068779971,0.1800340022216907,0.7358311284497576,0.11496605914256766,95
30,0.25,4,0.7390366194665707,0.1865369132548305,0.7378377334440603,0.13692488516634424,107
30,0.25,5,0.7511247357194428,0.16898792758818743,0.7354371463334557,0.1334137660859327,112
30,0.25,6,0.6982451065471025,0.20489505457525817,0.6871183298248325,0.20156549234542706,111
30,0.25,7,0.754908739425838,0.1877594219768512,0.7473106857992623,0.19404301108254843,112
30,0.25,8,0.7281149829143648,0.18224724243914073,0.7147704667915564,0.15877662244108065,105
30,0.25,9,0.7341519857200307,0.1869678595694622,0.7355897178392785,0.14625116263783583,95
30,0.5,0,0.7721025561427151,0.16743974421829183,0.7583074219278085,0.12056360755518511,119
30,0.5,1,0.7551780175018991,0.17396579392703462,0.7466984684910871,0.14915687720215634,160
30,0.5,10,0.7514645670032055,0.16673508135067203,0.733013383804245,0.12950113985591383,115
30,0.5,11,0.7468268694836211,0.17759293740205562,0.7326348519670136,0.10835358374558268,131
30,0.5,12,0.7440529525341536,0.1802605000104046,0.7409586898163348,0.1343990595331292,133
30,0.5,13,0.763573849218388,0.16507591368670185,0.7511288360146006,0.13861114065517485,140
30,0.5,14,0.7125509452953945,0.18880576952436706,0.6891230035342514,0.12426929839235513,123
30,0.5,15,0.7508742718321022,0.1744556779166167,0.7396840417930048,0.11597188262030791,113
30,0.5,16,0.7582588409048684,0.1654271322801381,0.7448540914270264,0.11842828937143382,116
30,0.5,17,0.7504580079066628,0.16783874187847914,0.7354834971706676,0.1271383890856348,123
30,0.5,18,0.7463118310673995,0.16840285162385318,0.7279843179667432,0.13028748028645418,120
30,0.5,19,0.7558047651636481,0.16816297408172542,0.7430734467641322,0.14415312905790925,137
30,0.5,2,0.7616265806858242,0.16679532839485453,0.7523783773344406,0.10529370939281192,121
30,0.5,20,0.764950812655364,0.1679986519803131,0.7589601962185442,0.1371682322377978,130
30,0.5,21,0.7474148128811343,0.16813611592850797,0.7392301898453041,0.1355377713222685,127
30,0.5,22,0.7673848983210688,0.16754841692183997,0.7597751984395218,0.11116697320280718,144
30,0.5,23,0.764946109108184,0.1666091142267394,0.7533440197763572,0.13115605870433444,126
30,0.5,24,0.7640465557099887,0.17087060596471187,0.7587245794627165,0.10683081204275581,102
30,0.5,25,0.7671556003960387,0.15536350037268767,0.7465787288282895,0.11655675929534065,138
30,0.5,26,0.7685431468141699,0.16173471287363406,0.7472160528399544,0.10323261829679584,135
30,0.5,27,0.761306739477577,0.1677786751185871,0.7442283551246645,0.12264825973025222,140
30,0.5,28,0.7583329217729551,0.17182638287646892,0.7382877228219935,0.11161516019755745,116
30,0.5,29,0.7558365141071138,0.1625864657548044,0.7317657737692888,0.11364106994241653,117
30,0.5,3,0.752820364477871,0.16740171353545497,0.7411479557349505,0.10286905646005999,92
30,0.5,4,0.7447290874412938,0.18199925903595401,0.7413603970721722,0.13298549994951214,145
30,0.5,5,0.7318190263186982,0.17657850444095388,0.7202939415593194,0.11666411779113546,113
30,0.5,6,0.7278856849893347,0.17960255946252598,0.7065798875992197,0.16791274764543063,136
30,0.5,7,0.7469950212953098,0.17010041110241103,0.7340157206589544,0.14554486021550217,157
30,0.5,8,0.7331019188120721,0.1808821941052515,0.72605303308291,0.1506963997075067,132
30,0.5,9,0.7531731305163789,0.16809798946216822,0.7451573031537883,0.1082313045312555,109
30,1.0,0,0.7696402491939296,0.17088772336441674,0.7606771084802719,0.12989471170934114,172
30,1.0,1,0.7462283431049526,0.17762190736778605,0.7403561289325788,0.15393669571726237,172
30,1.0,10,0.7538163405932584,0.17239650126043357,0.7452557986828637,0.12052951806011171,155
30,1.0,11,0.741093245471072,0.18183046337333109,0.7329824832461036,0.10064184055453498,107
30,1.0,12,0.7278315941967635,0.18333522231239824,0.7173854265242666,0.11671597099284856,133
30,1.0,13,0.760590624419406,0.16883820653787057,0.7516039320960235,0.1385083108452017,162
30,1.0,14,0.7043197377302093,0.19299806026888525,0.6913768129936847,0.12838444436033122,145
30,1.0,15,0.74966663609361,0.175282299021208,0.7450491512002936,0.10577626113884572,117
30,1.0,16,0.7569924108266249,0.16916338644018986,0.7426910523571332,0.09418062772398585,124
30,1.0,17,0.751578628022323,0.1638997590862531,0.7320477413623283,0.11922602571571228,133
30,1.0,18,0.739629266411264,0.17367840372373697,0.7266594565364337,0.14067039293574335,153
30,1.0,19,0.758863246717512,0.165226010151087,0.7466907433515518,0.13677275158213315,137
30,1.0,2,0.7664253746963272,0.16508753570935447,0.7598118928523147,0.12292388379468445,138
30,1.0,20,0.7467857134457951,0.17089258047011036,0.7393615172174047,0.1462340882154775,143
30,1.0,21,0.7417529179630818,0.1799323570297928,0.7274532146236892,0.16125031935361958,212
30,1.0,22,0.753618791611694,0.1709982421040048,0.7429614322408699,0.0997998576396754,149
30,1.0,23,0.7555872261065683,0.192310774153725,0.7494177176075243,0.19110769253651327,155
30,1.0,24,0.7342872127014588,0.19050707849601994,0.7333706715077541,0.10005827295409461,111
30,1.0,25,0.749892406358255,0.16232507215060704,0.7309218022750535,0.12450352994987876,133
30,1.0,26,0.7183186700249994,0.1806036138219871,0.6943394040054849,0.1452315186840501,132
30,1.0,27,0.7353937221755787,0.18155287968336134,0.7192124220243729,0.09811831297263406,174
30,1.0,28,0.7291485874071931,0.1919900501535295,0.7124451997914212,0.10521031322782827,113
30,1.0,29,0.7584034749806566,0.16649545985453515,0.7365263910079376,0.10443401794027528,159
30,1.0,3,0.747086740465322,0.1941183681695036,0.7438131288746404,0.08808353509213009,134
30,1.0,4,0.7117207692181058,0.19465074973461366,0.7165897371521273,0.1265969200285377,170
30,1.0,5,0.7452123769140497,0.16655668502152698,0.7263214816817629,0.11953010666515719,152
30,1.0,6,0.737623203538949,0.16763028770125402,0.7088645976167944,0.14645965588868165,113
30,1.0,7,0.7556836488237605,0.1622635894212733,0.7379883736649994,0.13656380599554152,196
30,1.0,8,0.7346423305135568,0.17071316961652958,0.7159060623032504,0.1230973780228973,111
30,1.0,9,0.7449278123096533,0.18002363807499866,0.7416616775140501,0.10045678511570587,136
50,0.01,0,0.717660942276569,0.2702437817845255,0.7183064272699832,0.10640799741327188,273
50,0.01,1,0.7198514206078044,0.26761007678559684,0.7130276503896803,0.10676677264347731,384
50,0.01,10,0.6878641431397231,0.2609641521164743,0.6976968312791624,0.10827175049665946,639
50,0.01,11,0.7348981747887071,0.2750759844539445,0.7316188370325382,0.10845810721458948,276
50,0.01,12,0.735264565725589,0.2679560207149668,0.7372576544992344,0.10476334320188042,318
50,0.01,13,0.714683734939759,0.26333844441242954,0.7070506129781903,0.10547221917595356,511
50,0.01,14,0.7316590990828987,0.25987207206713786,0.7374631322076307,0.10247685898742873,480
50,0.01,15,0.7221587843912965,0.25749530298874485,0.7203284733915459,0.10270541632227372,544
50,0.01,16,0.6974375112389858,0.25923081656325087,0.6979768628463572,0.10789821465604367,596
50,0.01,17,0.7281131990649163,0.27079667211427516,0.7337627150696988,0.10624097825529287,331
50,0.01,18,0.7506428699874124,0.2669109718090785,0.7404180107575763,0.10378992168787585,354
50,0.01,19,0.7492256338787988,0.26270873114170407,0.7475733628154446,0.10241132915131679,468
50,0.01,2,0.7262846160762453,0.26109538907184043,0.737168553546036,0.10223840246044355,502
50,0.01,20,0.6757844812084157,0.2657322155895421,0.6794875058642974,0.10869535720345766,491
50,0.01,21,0.7189084696996944,0.2642769043825591,0.7138059199400659,0.10590560221396439,510
50,0.01,22,0.735634328358209,0.2598321501548656,0.7415199531583561,0.10148285677666126,450
50,0.01,23,0.7219958190972846,0.2734762197991606,0.7211903887347301,0.10698024721385316,303
50,0.01,24,0.7442669933465204,0.26948302806030905,0.7465605213678633,0.1063866395063729,383
50,0.01,25,0.6956257867290055,0.2573527602222817,0.693638191941637,0.10745075978959848,596
50,0.01,26,0.7306588293472397,0.258773805960707,0.7335626925217025,0.10248487396863476,537
50,0.01,27,0.6997179014565725,0.26664303528725103,0.702937422036666,0.10617519585310141,434
50,0.01,28,0.7373898579392195,0.26619530155606236,0.7385087046176114,0.10440679110737551,369
50,0.01,29,0.7317175418090271,0.26462734057457254,0.7251744742134568,0.1040354307642316,468
50,0.01,3,0.7268049811185039,0.27669509120977087,0.7149660507184447,0.11040110818629673,239
50,0.01,4,0.7102510789426362,0.26600846387112725,0.7158497867032284,0.10434315184821993,351
50,0.01,5,0.740523287178565,0.2626532107473614,0.7396506515279905,0.10089928944807522,449
50,0.01,6,0.7069962686567164,0.27082383639656715,0.7140350366768617,0.1067190377158248,291
50,0.01,7,0.72463023736738,0.2593026126274386,0.7241398121242758,0.10329062984474179,514
50,0.01,8,0.7052036504225858,0.2637052425694553,0.711140164891315,0.10506952329511669,471
50,0.01,9,0.729461877360187,0.27249038955907207,0.7357229360400627,0.10685541091056976,274
50,0.05,0,0.7326874662830426,0.23293140070310073,0.7264855310962327,0.11522755335194153,300
50,0.05,1,0.7438084427261284,0.23934324214771335,0.7329608064909136,0.10284472864804892,215
50,0.05,10,0.6843530839777019,0.24937741113432868,0.6898468554637068,0.13204342878636877,353
50,0.05,11,0.745907885272433,0.24773225429537418,0.7411908251475621,0.09586175766644868,156
50,0.05,12,0.7416393184679014,0.23774403056695906,0.7309969487469496,0.10147002017545038,206
50,0.05,13,0.7174620122280165,0.23364196026930403,0.7195429302939604,0.11061110914312222,346
50,0.05,14,0.7266038032727926,0.239991661483061,0.7329553513305136,0.10892424947975934,218
50,0.05,15,0.7408053857219924,0.23603618085781328,0.7397215686131892,0.10456488802459556,236
50,0.05,16,0.724504360726488,0.23160817034212203,0.7165535023948154,0.12224145515073086,344
50,0.05,17,0.7506867020320086,0.24134562102032658,0.7484825562154279,0.09698790588590514,169
50,0.05,18,0.7441411167056284,0.24074036693193532,0.7354447228596678,0.09608976075912526,213
50,0.05,19,0.7524321165258047,0.23174981111407567,0.7470187548414549,0.10744211693429558,290
50,0.05,2,0.736259215968351,0.2264843638937808,0.7422363975575429,0.11212204383320698,344
50,0.05,20,0.7057183959719475,0.24021501990712324,0.7127639843036851,0.12407698393157303,313
50,0.05,21,0.7089968081280346,0.24327462355848903,0.7108710436449199,0.11248971002110779,295
50,0.05,22,0.71915685128574,0.23609116088742382,0.7263327866050355,0.17470605631794034,522
50,0.05,23,0.7292966642690164,0.2434667919425674,0.7307532849157541,0.1003271949927161,199
50,0.05,24,0.733058352814242,0.24588245793789548,0.7263127843502358,0.11141255232733362,291
50,0.05,25,0.7186151321704729,0.23799477452909312,0.7161225447232233,0.13131598431485136,288
50,0.05,26,0.737932700953066,0.23426738662707586,0.7338699998908967,0.10776745992960418,255
50,0.05,27,0.7187848408559612,0.23931724220576978,0.723641574141085,0.11010325979298649,250
50,0.05,28,0.7531851285739974,0.2308881923818468,0.7495299470122087,0.0996337240281817,226
50,0.05,29,0.7159750944074806,0.23767697952945743,0.717068105859206,0.13001839459797776,335
50,0.05,3,0.7076380147455493,0.2451191108151723,0.6912142823372817,0.1171032498567761,327
50,0.05,4,0.7341372954504586,0.23572602593395448,0.7302823227345628,0.10366323300074991,223
50,0.05,5,0.7514869178205359,0.22616037828373686,0.7484952849230276,0.1005769914590578,273
50,0.05,6,0.754295540370437,0.23010351678923613,0.7572526357516666,0.10026872779365745,216
50,0.05,7,0.7382305340766049,0.2383572130674311,0.734128210816492,0.10512005697543453,210
50,0.05,8,0.7096947491458371,0.2431169745173512,0.7188846742723726,0.10987174031701466,213
50,0.05,9,0.7256158964215069,0.247324652007548,0.7350883190468743,0.09817149269456682,170
50,0.1,0,0.7477634418270095,0.20995653753635987,0.7356156512188646,0.13198147044308214,232
50,0.1,1,0.7473195018881497,0.2137275834053467,0.7367739636104433,0.11463331920633789,181
50,0.1,10,0.691139183600072,0.22977621985955923,0.6931090413828468,0.15801173191203527,261
50,0.1,11,0.7378821255169934,0.2330367835372442,0.7332662954733079,0.10131923643315582,143
50,0.1,12,0.7492110231972666,0.21090359264489322,0.7397870305379879,0.11614214120905336,178
50,0.1,13,0.6968969160222982,0.22368564623803716,0.6963475882735872,0.13170661448097953,255
50,0.1,14,0.7253776299226757,0.22525067756966916,0.7286294091333932,0.1315752400910238,180
50,0.1,15,0.7471621560870347,0.2120910892907047,0.7487644061694227,0.14568916837208204,236
50,0.1,16,0.7154569771623809,0.21935816800067764,0.7117456876957039,0.14636757424312066,247
50,0.1,17,0.7490581729904694,0.21860348895844423,0.7505046023369907,0.10465848808333354,153
50,0.1,18,0.7574829167415933,0.2128138207242211,0.7500718262785987,0.09636263279825208,182
50,0.1,19,0.7499955044056824,0.21349516979209893,0.7443857307551033,0.11542673196052884,198
50,0.1,2,0.7346835101600432,0.204278942547674,0.7315570118813394,0.1478099865476051,303
50,0.1,20,0.7103263801474555,0.2267940141499611,0.716469856602017,0.16319435157008264,285
50,0.1,21,0.6997370077324222,0.232340892588773,0.6991970003891348,0.13761587781268758,268
50,0.1,22,0.7340507552598453,0.21431053689934387,0.7328444297357156,0.16645198361687,276
50,0.1,23,0.7278738086675058,0.2192238003243994,0.727663845742611,0.11055764765134823,174
50,0.1,24,0.7358298867110232,0.22292471157876076,0.7345846259032837,0.11935346459976864,233
50,0.1,25,0.7059971228196368,0.23156466788315666,0.7032683684342599,0.16981944868739823,209
50,0.1,26,0.7417494605286818,0.20557826949686148,0.735108321301674,0.12185701393704178,241
50,0.1,27,0.7171248426541988,0.22358002388515982,0.716140728591223,0.14956154967308377,256
50,0.1,28,0.7586495234670023,0.2038327308546898,0.7513465154253752,0.12365323455296473,214
50,0.1,29,0.732287358388779,0.21478675676056236,0.7223468827395089,0.16086092472539687,256
50,0.1,3,0.7151299226757777,0.22365421686665632,0.7032101800566609,0.1131146471538249,199
50,0.1,4,0.7377450098903074,0.21292942042230076,0.7343045943360887,0.11551049191564278,202
50,0.1,5,0.7490177126416112,0.2014020063130083,0.7404161923707764,0.12027419269157495,242
50,0.1,6,0.7488783492177666,0.21170376165749694,0.7552578654321033,0.11167361354274973,167
50,0.1,7,0.7439747797158784,0.20962179962104635,0.7420927450003455,0.12028793635920203,205
50,0.1,8,0.702768162201043,0.2253529652979015,0.7065123704854002,0.13126235421261914,208
50,0.1,9,0.7197075615896421,0.22956712285680755,0.7287676065301907,0.11635485562045517,186
50,0.25,0,0.7377562488761015,0.17711116065059665,0.7308914823125516,0.1304203165936575,159
50,0.25,1,0.7414415123179284,0.17505709721139978,0.7372140132160353,0.12347454371548207,155
50,0.25,10,0.72405704909189,0.18355956108405203,0.7297058941189735,0.1305366065755372,175
50,0.25,11,0.7413133878798778,0.1906121953809992,0.7413472064123592,0.11164558206929077,116
50,0.25,12,0.7412560690523288,0.17611102361629755,0.7294458648065782,0.13737251987709567,152
50,0.25,13,0.7263070940478331,0.18461772176492974,0.7249599045710607,0.12715598143465826,154
50,0.25,14,0.7358231433195468,0.18947438080264425,0.7395288196123927,0.16403874263130513,165
50,0.25,15,0.7387879877719834,0.1791069843993645,0.7399088624535857,0.14812670264299732,168
50,0.25,16,0.6938365401906132,0.1991499330923215,0.6997225141743251,0.1599472857503121,149
50,0.25,17,0.7405491368458911,0.17731298880700913,0.7375104102644298,0.1365505972929549,142
50,0.25,18,0.7609748696277648,0.16590336667108088,0.7536340460197332,0.10715742493554274,143
50,0.25,19,0.7492391206617515,0.1708838232540057,0.7452021864282883,0.1268987911561743,167
50,0.25,2,0.7551193580291314,0.16871754032503353,0.7577326898668577,0.13167864947334,158
50,0.25,20,0.7241694389498292,0.18942650737053834,0.7280329782630042,0.16424106513908962,156
50,0.25,21,0.7427452346700234,0.1787288360411866,0.7365357549396477,0.10945038056690605,130
50,0.25,22,0.7329875472037404,0.18125276651980815,0.7317861286181352,0.15030615742452227,170
50,0.25,23,0.7305632979679914,0.18305824566188866,0.7327989700657165,0.14171182091496717,131
50,0.25,24,0.747690388419349,0.18795751387183554,0.7521538791645603,0.11692693513296148,153
50,0.25,25,0.7036650332673979,0.20648401998682847,0.6968858307663773,0.19640264487995798,167
50,0.25,26,0.7561555925193311,0.1642085986375668,0.7508646429233841,0.11956123568894705,145
50,0.25,27,0.7252303992087754,0.18786674086207325,0.7249053529670617,0.15716450567956833,172
50,0.25,28,0.7533503416651681,0.17186446574790495,0.7516374573133698,0.14670053583637227,134
50,0.25,29,0.7455223880597015,0.17737432790415672,0.7393560728663958,0.16112676106607787,143
50,0.25,3,0.7231388239525265,0.1868775313181499,0.716738977848412,0.12049941622390939,157
50,0.25,4,0.7649433555115986,0.16261851484139137,0.7616549501943856,0.12467849319213548,148
50,0.25,5,0.7430115986333393,0.17637391854664922,0.7412690157799606,0.12105905284560067,134
50,0.25,6,0.7384766678654918,0.17503706716692308,0.7393378889983961,0.1399852602648707,126
50,0.25,7,0.7428958370796619,0.17442705342036785,0.7455167673446825,0.14623446191227965,159
50,0.25,8,0.7319884013666607,0.17995965193600091,0.738148664031218,0.1294409831055837,188
50,0.25,9,0.7318614008271893,0.1873817856021486,0.7378704508508231,0.13167383904687324,153
50,0.5,0,0.7231253371695738,0.17927755697019798,0.7165280449796159,0.1086018519432396,128
50,0.5,1,0.7328965114188095,0.17361266196445332,0.7273219890242173,0.11009079141696146,159
50,0.5,10,0.7326357669483906,0.17697278537775146,0.7382541304656162,0.11943791022690874,212
50,0.5,11,0.7382687466283042,0.1944391402973981,0.7388687452040048,0.10107526038341064,167
50,0.5,12,0.7411133339327459,0.17990940986831236,0.7405052933239747,0.10601323855779611,227
50,0.5,13,0.7242458640532279,0.1813416287183476,0.7315060970509403,0.11903047111368932,185
50,0.5,14,0.7446884553137925,0.1725471225031891,0.7458422585818765,0.1217183706698069,172
50,0.5,15,0.754321390037763,0.1718336658642292,0.7504155013837923,0.15071366055036226,189
50,0.5,16,0.7149793202661392,0.18600532560320066,0.711522026119308,0.14878333083969517,207
50,0.5,17,0.7482602049991008,0.17483445093785038,0.7455240408918824,0.12372747146754327,200
50,0.5,18,0.7566444884013667,0.18328939239966904,0.7469951158130553,0.09310840563863042,187
50,0.5,19,0.7495819097284661,0.1695283032298876,0.741570867988755,0.1257012122758567,231
50,0.5,2,0.7489435353353714,0.17023987400738902,0.7550778451389065,0.1083683986840375,250
50,0.5,20,0.729264071210214,0.18118827166571724,0.7387796442508064,0.12612998454136035,204
50,0.5,21,0.7370976443085776,0.17954386136716063,0.7287312387941913,0.11172966758606584,232
50,0.5,22,0.7398770454954144,0.16931045703572872,0.7425346129927374,0.12930202088100928,189
50,0.5,23,0.7305408199964035,0.18368270691408156,0.7326571358953191,0.1361947603178946,177
50,0.5,24,0.7331347779176407,0.18852516762892085,0.73586840698406,0.11353895759947678,225
50,0.5,25,0.7300170832584068,0.17352793944096212,0.7243725656346716,0.12216663241100045,164
50,0.5,26,0.7680588023736739,0.16043858053221605,0.7660954507599038,0.09587042270573808,203
50,0.5,27,0.7287088653119942,0.18277193572939002,0.7325134833381217,0.1329596781120648,238
50,0.5,28,0.7629933914763531,0.16329327268268135,0.7575217569980616,0.12008212607566478,181
50,0.5,29,0.7481478151411617,0.17288752341228758,0.7437838447243144,0.1209550949477294,216
50,0.5,3,0.742211382844812,0.17594104459080706,0.7258545508766443,0.10033986630113208,156
50,0.5,4,0.7541134688005754,0.16751594591746463,0.7516174550585702,0.10724334799989911,195
50,0.5,5,0.7468631990649164,0.17284539165468962,0.7454076641366845,0.10875503026461346,172
50,0.5,6,0.7236929059521668,0.1808940223210605,0.7283330120849987,0.12854119447579182,188
50,0.5,7,0.7329796799136846,0.17444912683707028,0.730056842771367,0.12019240351536797,215
50,0.5,8,0.7478196367559792,0.1726383994619649,0.7487280384334234,0.11670087029559627,216
50,0.5,9,0.7328852724330156,0.18085804835169048,0.73695762067724,0.1228554647396046,172
50,1.0,0,0.7251090181622011,0.1776806968432938,0.7122402889052948,0.13175913502458628,208
50,1.0,1,0.7376607174968531,0.18256623843294842,0.7429019271263306,0.10346324854707989,175
50,1.0,10,0.7270792123718756,0.17652826081505293,0.7281275343766025,0.11817633690713436,290
50,1.0,11,0.734299136845891,0.20190783951443111,0.7281257159898025,0.09721529127155781,187
50,1.0,12,0.7316635946772163,0.18654487569712666,0.7345209823652848,0.1056638252220428,166
50,1.0,13,0.6929037043697177,0.22563210782029985,0.6891104088097204,0.09648392812014636,196
50,1.0,14,0.744417595756159,0.17330791891328667,0.7414272154315578,0.1334143501224677,214
50,1.0,15,0.7351622909548642,0.1765869992034942,0.7353501667460696,0.10939647249001716,226
50,1.0,16,0.7082662740514296,0.18208900855288876,0.7031356261978623,0.1082128254376051,180
50,1.0,17,0.7444670472936522,0.1775196815391053,0.7452094599754882,0.10611511432611097,216
50,1.0,18,0.7452020769645747,0.17096317071514575,0.7363993759296502,0.11534523811572121,174
50,1.0,19,0.7486782952706348,0.16392465111736884,0.73532834610447,0.1178785528863791,246
50,1.0,2,0.7458314601690343,0.17061094181583536,0.7496863282770058,0.11441726330204001,218
50,1.0,20,0.7240413145117784,0.17933818607272767,0.7249217184482615,0.12080857112907854,219
50,1.0,21,0.7255585775939579,0.17673672811176322,0.725381770308653,0.10629056763467369,186
50,1.0,22,0.7401007013127135,0.1696616956312926,0.734999218093676,0.13071415818576584,228
50,1.0,23,0.7415842474375113,0.1744735794166863,0.7441547956315075,0.11891815246506111,240
50,1.0,24,0.7339597194749146,0.20376592412800684,0.7310660474453484,0.09507467933934467,155
50,1.0,25,0.7068063297967991,0.18745845736471628,0.6993279242387324,0.1376362229077734,234
50,1.0,26,0.7635733231433195,0.17240106405782601,0.7625495964999691,0.08647235321192477,264
50,1.0,27,0.7180576784750944,0.18596434604563783,0.7179645705515895,0.11716204502515777,295
50,1.0,28,0.7558645027872685,0.16617284220238937,0.7505791561957893,0.11415085481902935,187
50,1.0,29,0.7452852454594497,0.18068802831774977,0.7450894464466904,0.10587092238447626,266
50,1.0,3,0.747048642330516,0.17754312718706708,0.73913241129,0.09978052131422771,198
50,1.0,4,0.7525782233411257,0.16841414123760595,0.7497608821358044,0.10034462392113679,235
50,1.0,5,0.7208056105017083,0.17918012422521365,0.7150733355396427,0.11624424008090979,150
50,1.0,6,0.7163178834741953,0.1802406141928221,0.7184046201571813,0.11642265867948555,273
50,1.0,7,0.7362569681711922,0.179024490334441,0.7241270834166761,0.10020996201585604,321
50,1.0,8,0.7548822154288797,0.16745589050243162,0.7580672730380515,0.10822362123302795,189
50,1.0,9,0.7375191062758497,0.18463649491846557,0.740919885514367,0.10167691915432832,244
100,0.01,0,0.6370634618591704,0.27318607579599435,0.6431957603982656,0.13087810042498768,1000
100,0.01,1,0.6427988043975592,0.2740623532686237,0.6515818211016541,0.1298579329270298,783
100,0.01,10,0.6717021513146924,0.2695484827563675,0.6784695680102778,0.12727406022081414,959
100,0.01,11,0.6555886717096345,0.280701431025421,0.6618435843905572,0.1336960523421444,605
100,0.01,12,0.6477922405572636,0.2667475938439092,0.6617472298056849,0.12632105464915908,1000
100,0.01,13,0.6735344676447572,0.2871749549640368,0.678291312028264,0.13725982923141455,459
100,0.01,14,0.6284727418892743,0.29446518382913617,0.6408752208125903,0.14304434434036944,220
100,0.01,15,0.6763887760469005,0.2794391692205739,0.6796820298699213,0.13245618410833074,662
100,0.01,16,0.6775518799950397,0.2786501164204183,0.6870900915368556,0.1315809722899155,566
100,0.01,17,0.6628238624458537,0.28702125097550624,0.6719078207804722,0.13743457953328844,483
100,0.01,18,0.6750514203124132,0.27216438307762814,0.6873679139232375,0.12864155790292645,913
100,0.01,19,0.6590566029667703,0.29165443149144893,0.6686943953749799,0.14071021441388454,288
100,0.01,2,0.6618681501943495,0.2856198611140738,0.671331299180986,0.13621998000601263,397
100,0.01,20,0.6730352309317232,0.2817704655398788,0.6805893688774691,0.13357935340661808,522
100,0.01,21,0.6578539449321594,0.27427640804854736,0.6782607997430544,0.1292459643147348,867
100,0.01,22,0.6664179391679531,0.2837065052123131,0.6800594186606713,0.1345907093008469,382
100,0.01,23,0.6664639074306093,0.2860536816708236,0.6730721053476795,0.13664938063070783,432
100,0.01,24,0.6665633271614705,0.2852816435926315,0.684321503131524,0.13587963376878578,433
100,0.01,25,0.6553545542788969,0.28277116194703916,0.665389433113859,0.13443661576427762,464
100,0.01,26,0.6535895867987702,0.2844520392925344,0.6691938333065681,0.13595728472348187,495
100,0.01,27,0.6607221507160359,0.28409624897010777,0.6653701621968845,0.1355390211670028,472
100,0.01,28,0.676394121193721,0.2668652129518592,0.6796980889674,0.12662382594084845,1000
100,0.01,29,0.6623267637915479,0.2786498753609067,0.6715111610727477,0.13252773072847382,650
100,0.01,3,0.6852734790919237,0.28177662751487087,0.6886863658262405,0.13354356646353926,605
100,0.01,4,0.6625256032532701,0.2698894283210082,0.6804448370001606,0.12641173301280106,919
100,0.01,5,0.6577149711148266,0.28550693198436017,0.6558647823992292,0.13670620254975016,425
100,0.01,6,0.6784316911616929,0.28663917641773123,0.69213585996467,0.13679101014494502,450
100,0.01,7,0.6667846162398389,0.28429999087023544,0.6729484502970933,0.1350145861152653,406
100,0.01,8,0.6852563746220981,0.2659404009968091,0.6914469246828329,0.1254560330988127,956
100,0.01,9,0.6781141894405556,0.283241622791702,0.6904592901878914,0.13444959693171496,515
100,0.05,0,0.6501013439837166,0.24672931292552425,0.6454970290669665,0.13052646997548426,534
100,0.05,1,0.6362199976908965,0.25174360090962417,0.6427926770515497,0.1429112872383638,708
100,0.05,10,0.6639099962797778,0.24556770417125298,0.6804914083828489,0.12567016190998215,628
100,0.05,11,0.6531095926142899,0.249455885996025,0.6635024891601092,0.13682522181451903,555
100,0.05,12,0.6354759532534839,0.25189619496575344,0.643266420427172,0.15992056399791407,729
100,0.05,13,0.6731474790149535,0.2603955417132245,0.6771254215513088,0.12399044128248793,376
100,0.05,14,0.6242479378423567,0.2516596709743302,0.6186815480969969,0.147412963844094,658
100,0.05,15,0.6544469483487773,0.2528421533986468,0.6599582463465553,0.13129118689937067,533
100,0.05,16,0.6807140688540433,0.2421903176447617,0.6806134575236872,0.12300351001035563,512
100,0.05,17,0.6662778963212561,0.26505929479262125,0.6730753171671752,0.1267552422760215,352
100,0.05,18,0.6601299084483253,0.25256871842442086,0.6649911674963866,0.14485935238043296,677
100,0.05,19,0.6877407988642632,0.24894796660662188,0.6935024891601091,0.11848397885158975,357
100,0.05,2,0.661579512266043,0.24926489608981436,0.6645383009474868,0.1279593460421817,510
100,0.05,20,0.6646561787759186,0.24649481326957007,0.6745559659547133,0.15349903725036984,830
100,0.05,21,0.6453997528404111,0.2523836430917703,0.6614356833145977,0.13611573674928792,570
100,0.05,22,0.6489574825641311,0.25241455762784426,0.6607258712060382,0.14210791621058905,636
100,0.05,23,0.6495443796850212,0.25673351336285455,0.6560783683956961,0.13498894081212556,558
100,0.05,24,0.6638629589877575,0.2465580820299072,0.6760221615545207,0.12612138041114798,510
100,0.05,25,0.6153963747076204,0.26374136955793137,0.6271752047534929,0.1508313745636998,747
100,0.05,26,0.6452928499040012,0.25410879748900106,0.6619961458166052,0.12822369580520918,500
100,0.05,27,0.6298282711229513,0.25564368884453725,0.6346266259836197,0.1463662892036658,600
100,0.05,28,0.6729304660540416,0.2447299630797804,0.6760366147422515,0.14321119375711502,596
100,0.05,29,0.6808958038459401,0.24674476383353403,0.6871639633852578,0.12457012085839086,500
100,0.05,3,0.6739214562745609,0.25003717454634594,0.6723462341416412,0.12866244508448596,558
100,0.05,4,0.6460433085175984,0.2503336259271957,0.6573984262084471,0.16822736106083336,910
100,0.05,5,0.6538087378184104,0.24920520747077277,0.6560269792837643,0.13127035677087864,611
100,0.05,6,0.6652537661904497,0.26527996997147063,0.6798297735667256,0.12493320864731923,442
100,0.05,7,0.6794782709091454,0.2476698132138153,0.6886478239922916,0.14055508391791469,597
100,0.05,8,0.6826885660895333,0.2417609429436369,0.6884470852738076,0.15208277457549915,735
100,0.05,9,0.6601897740927147,0.2515710634600671,0.6672217761361812,0.13191717316164223,581
100,0.1,0,0.6437117554744993,0.23282175072450792,0.6387602376746427,0.13580949255646443,410
100,0.1,1,0.6480926378085753,0.22850221056405728,0.6555227236229324,0.15472063075992304,555
100,0.1,10,0.678400689310134,0.2288625068466789,0.6914694074193031,0.11937714091618978,331
100,0.1,11,0.656624561163446,0.23671034690556025,0.6628199775172635,0.15160734225240494,412
100,0.1,12,0.6528979248001984,0.23705732987072234,0.6635956319254858,0.19741509500951995,634
100,0.1,13,0.6668744147064232,0.2439567730815431,0.67198490444837,0.1310841360760919,449
100,0.1,14,0.6477954476453559,0.22867478096750463,0.6529034848241528,0.14964753652523907,508
100,0.1,15,0.666340969053738,0.23603130437310582,0.6688790749959852,0.12618631843883332,346
100,0.1,16,0.689690708424379,0.22209905830262064,0.6926272683475189,0.11667485546338884,356
100,0.1,17,0.6643279867611404,0.251681003555055,0.6764910872008993,0.12505500850643256,293
100,0.1,18,0.6689718503187846,0.23457098789083022,0.6724024409828168,0.15346797139272778,461
100,0.1,19,0.6880305058219339,0.229988676442617,0.6930030512285209,0.11493966614205446,278
100,0.1,2,0.6714808622363239,0.23170974347020473,0.6710181467801509,0.12526620351358342,329
100,0.1,20,0.6593345506014359,0.2307285170044745,0.6660237674642685,0.1927119706517261,663
100,0.1,21,0.6508614238615906,0.23349307251873253,0.6653123494459612,0.15150474268399272,521
100,0.1,22,0.6734275647083474,0.23075114702011604,0.6786285530753172,0.13070669323082487,366
100,0.1,23,0.6523345463253185,0.23217626781892373,0.663706439698089,0.13932014473190044,515
100,0.1,24,0.6543774614401109,0.22819994684570682,0.6619046089609764,0.12520603683775308,383
100,0.1,25,0.6373264430827386,0.24174796871637028,0.6463417375943472,0.14027361540262465,495
100,0.1,26,0.6636010467935534,0.23651969518267876,0.6736261442106953,0.12429761319736332,299
100,0.1,27,0.6771574081596873,0.23378542705058752,0.6832808736149029,0.12490995177472393,320
100,0.1,28,0.6754458921477655,0.22139597091853241,0.6786221294363257,0.15531545243193803,476
100,0.1,29,0.6775422587307628,0.2298257769549501,0.6858599646699856,0.12663422066754834,363
100,0.1,3,0.6829290976964555,0.2261617745612086,0.6850297093303357,0.1310477038930691,431
100,0.1,4,0.652600734636979,0.22957935940569416,0.6643359563192549,0.17144436705925337,597
100,0.1,5,0.6877803529507348,0.22570227273542004,0.6847952465071463,0.11876880016643616,383
100,0.1,6,0.6832188046541262,0.24346504180657613,0.6972458647823992,0.11732155540206918,347
100,0.1,7,0.6770505052232775,0.2332713085600376,0.6905636743215031,0.15091044051479643,404
100,0.1,8,0.6832979128270695,0.2198586195927285,0.6926096033402923,0.18100017884697484,627
100,0.1,9,0.6640981454478592,0.23132343032203803,0.6754376104062951,0.13442938863351178,421
100,0.25,0,0.6525333857870408,0.19161841644419517,0.6591360205556448,0.14337622335029213,181
100,0.25,1,0.6728663242921956,0.20052495833552034,0.6779476473422194,0.1626303703617948,257
100,0.25,10,0.6942907417780951,0.18293045055348262,0.6973518548257588,0.1320832416688118,206
100,0.25,11,0.6539797825166662,0.20547824426185274,0.6691761682993416,0.17341270884346538,231
100,0.25,12,0.6718625057193071,0.19408750815296727,0.6866372249879557,0.1578037051233895,286
100,0.25,13,0.6656995514352788,0.21018294585359715,0.6860350088325036,0.12830756340963376,239
100,0.25,14,0.6679776530101729,0.20161572624668817,0.6820186285530753,0.1722224432590397,357
100,0.25,15,0.6845679197116187,0.1908350270255328,0.6876955195118034,0.13409084680147806,292
100,0.25,16,0.681079676896565,0.187654223408098,0.6885787698731332,0.13353208705597522,270
100,0.25,17,0.6720837947976755,0.21990802002884177,0.6842251485466517,0.13106815537895353,211
100,0.25,18,0.6832754632104234,0.19942487643341691,0.6913682351051871,0.15542757458947742,297
100,0.25,19,0.6766303766831867,0.18674573786314663,0.6834077404849848,0.14198043810277647,193
100,0.25,2,0.6621835138567587,0.1985972490857029,0.6695198329853862,0.1645276972302833,276
100,0.25,20,0.6680246903021932,0.21515726118745054,0.6796418821262246,0.20130798826760934,366
100,0.25,21,0.6760723433551272,0.19590817426548784,0.6877581499919705,0.15869041595020372,217
100,0.25,22,0.6736264041700697,0.1935354240584455,0.6832391199614581,0.14836426620236687,207
100,0.25,23,0.6568095032434351,0.20056893365803288,0.6708736149028425,0.15636624952515743,230
100,0.25,24,0.6691364808408558,0.19378907886043018,0.6799052513248756,0.15032752875467847,333
100,0.25,25,0.6816729881936398,0.18948582604458122,0.6877212140677694,0.13299231280029802,264
100,0.25,26,0.6699211483941041,0.197069862641643,0.6805347679460414,0.13549729858529908,211
100,0.25,27,0.6714862073831444,0.19825253381175997,0.6819030030512285,0.14601893249343606,314
100,0.25,28,0.6709901777582027,0.2163731399822617,0.6773004657138268,0.20863173319833442,343
100,0.25,29,0.6856668818979119,0.18871762706534526,0.6855050586157058,0.15223120085464584,226
100,0.25,3,0.675169013542464,0.19238340237238544,0.6861136984101494,0.13929167990296365,187
100,0.25,4,0.6854135219386206,0.19984303188150698,0.6933804400192709,0.16835270585076734,284
100,0.25,5,0.6789106163168089,0.1931987138393155,0.6770435201541674,0.12308065374358855,223
100,0.25,6,0.6767682814711554,0.20255090400750386,0.6865424763128313,0.12266632212007922,199
100,0.25,7,0.6928838991349414,0.19047853667213108,0.6932712381564156,0.1630579369289231,244
100,0.25,8,0.6930720483030228,0.1973122368296895,0.693154006744821,0.19146179875135658,377
100,0.25,9,0.693150087446602,0.18929970007343216,0.6989706118516139,0.13940730087681355,269
100,0.5,0,0.6579865045733077,0.19636090152975136,0.6582607997430544,0.11787208770627912,275
100,0.5,1,0.6530336915294389,0.20700822964058516,0.6575734703709651,0.10953502882028986,267
100,0.5,10,0.6889819419559816,0.18761115445332832,0.6941416412397623,0.11528944068838111,347
100,0.5,11,0.6205084731267398,0.20991619643969775,0.6349574433916814,0.12522002795062326,261
100,0.5,12,0.6726760370653861,0.19377048030990002,0.6885418339489321,0.13861093280228365,284
100,0.5,13,0.646289185271341,0.222059693352709,0.6637224987955677,0.11128047965396466,234
100,0.5,14,0.6676943602286868,0.18780846817811328,0.6769070178255983,0.13063035149480653,297
100,0.5,15,0.6834946142300636,0.21124385792403697,0.6849718965794123,0.1094354096920404,272
100,0.5,16,0.6906090046481397,0.18834191325074529,0.7026160269792837,0.13987585015658913,329
100,0.5,17,0.6760338582980198,0.22267375646121765,0.684647502810342,0.11390553750305016,361
100,0.5,18,0.6763727406064389,0.19564495890396888,0.6877212140677694,0.11244764661844564,360
100,0.5,19,0.6787096387963585,0.18947179165560293,0.6959081419624217,0.12182465687312727,290
100,0.5,2,0.6155182440551277,0.19428440746160672,0.6234254054922114,0.1343907958830272,266
100,0.5,20,0.6104435616637518,0.20360966396213076,0.6245880841496708,0.12830931237641155,306
100,0.5,21,0.6547003083080686,0.21169998815540345,0.6679861891761683,0.11234314240886123,285
100,0.5,22,0.6908880213121694,0.18760437600812077,0.6938092179219528,0.11732402876172937,300
100,0.5,23,0.6773551785920455,0.19215080691893507,0.6913794764734222,0.1279254929771415,319
100,0.5,24,0.6728706004096521,0.19021139555053523,0.6926047856110487,0.12440548930157476,284
100,0.5,25,0.6345491047948105,0.21231053182131715,0.6385562871366629,0.11651206964685368,247
100,0.5,26,0.6705101835737224,0.19472806966545894,0.6724939778384454,0.12122077994653797,287
100,0.5,27,0.6849559773707864,0.203704860728515,0.6907146298378031,0.10955889801538572,272
100,0.5,28,0.61519539718717,0.20833521381450676,0.6295953107435363,0.13335501667347718,327
100,0.5,29,0.6782082640245962,0.18543705530854535,0.6809635458487233,0.12815198091521204,332
100,0.5,3,0.681176958568698,0.18774898489098413,0.6889336759274128,0.13263443335500405,313
100,0.5,4,0.6665408775448244,0.19227111898474006,0.675313955355709,0.14419151237443262,391
100,0.5,5,0.6796129686090218,0.20352483639004734,0.682826401156255,0.10783524230134785,215
100,0.5,6,0.6822395737566119,0.19331236690119175,0.6858117873775493,0.11932199637736651,286
100,0.5,7,0.6980580012571785,0.19054825975281003,0.701143407740485,0.12014485519526812,254
100,0.5,8,0.6785332489512822,0.1875836057635512,0.6846314437128633,0.13126372019910107,341
100,0.5,9,0.6842995933412299,0.196496029960358,0.693076923076923,0.13470501096851986,406
100,1.0,0,0.6837298006901653,0.18578735676869212,0.6886108880680906,0.13006417619504518,389
100,1.0,1,0.6134208084427663,0.20449920223297743,0.625214388951341,0.12156299225416212,227
100,1.0,10,0.6843295261634247,0.19286449870111289,0.6900706600289064,0.11008476410118788,350
100,1.0,11,0.6664564242250606,0.1917562941891048,0.6820362935603019,0.14704076429296054,350
100,1.0,12,0.663012011613935,0.2023518161952115,0.6845399068572346,0.15678316382598356,294
100,1.0,13,0.6764400894563772,0.20109967669379938,0.6859627428938494,0.12491435156807558,291
100,1.0,14,0.6345961420868308,0.1934866618343121,0.636519993576361,0.1292104756610255,316
100,1.0,15,0.6901397007573004,0.1933304394453948,0.6971141801830737,0.13014950400674585,330
100,1.0,16,0.6036049808216132,0.23341443214553062,0.6075140517102939,0.11340130431277118,205
100,1.0,17,0.6756276271396623,0.21596146709387729,0.6908559498956158,0.11423216954150693,369
100,1.0,18,0.6762220074661011,0.19045045568060512,0.6826192387987795,0.12061342920941259,344
100,1.0,19,0.6556720560000342,0.19647584186310782,0.6601348964188213,0.11213552961472188,273
100,1.0,2,0.5908578746841018,0.2075506341356473,0.6019030030512286,0.11655007465451567,254
100,1.0,20,0.6257039558362589,0.20545347674219352,0.6397077244258873,0.12791828597179047,380
100,1.0,21,0.6720175149771014,0.20515175526186946,0.6751421230126867,0.10984727716540409,308
100,1.0,22,0.6309165430156035,0.22339907736440676,0.6364975108398908,0.11036446713300123,236
100,1.0,23,0.6913188401459012,0.18637066132325308,0.6905877629677212,0.1153321592044672,363
100,1.0,24,0.6784616239838875,0.19309613032469602,0.6763529789625823,0.10879460770041711,246
100,1.0,25,0.6109492125529704,0.2189196619579501,0.6164975108398908,0.11221180968845745,210
100,1.0,26,0.6858903090350086,0.19602880374653894,0.68831700658423,0.11111858899983568,263
100,1.0,27,0.6933852739067037,0.19160850018437278,0.7022065199935763,0.11464456735815536,338
100,1.0,28,0.6517668917329821,0.19303833330992154,0.6519688453508913,0.16201545113960436,433
100,1.0,29,0.6369971820385962,0.2004634282214291,0.6377565440822226,0.13395886698670412,251
100,1.0,3,0.6676505300247587,0.19257401644237798,0.6710069054119159,0.12397782842924547,308
100,1.0,4,0.6684041957264483,0.19284246814833178,0.680666452545367,0.1318040401452041,375
100,1.0,5,0.6767426247664171,0.199433594630831,0.6800690541191585,0.11442985609739183,302
100,1.0,6,0.6916342038083102,0.19175733243812054,0.6923221454954231,0.1219037685129184,341
100,1.0,7,0.6378256797957726,0.19773171085622954,0.6554504576842781,0.13808871582852475,263
100,1.0,8,0.621875761683422,0.20410884316885095,0.6290493014292596,0.12475743116846057,378
100,1.0,9,0.6951812432383893,0.18773998652433224,0.7029211498313794,0.12953076451767823,466
