population,metric,statistic,value
full_training,n_subjects,value,23550.0
full_training,n_readouts,value,1122452.0
full_training,events,value,2272.0
full_training,censored,value,21278.0
full_training,event_rate,value,0.09647558386411889
full_training,censoring_rate,value,0.9035244161358811
full_training,sequence_length,min,5.0
full_training,sequence_length,p25,28.0
full_training,sequence_length,median,43.0
full_training,sequence_length,p75,64.0
full_training,sequence_length,p90,83.0
full_training,sequence_length,p95,97.0
full_training,sequence_length,p99,129.5099999999984
full_training,sequence_length,max,303.0
full_training,sequence_length,mean,47.662505307855625
full_training,sequence_length,std,27.406028349951285
full_training,observed_time_span,min,11.2
full_training,observed_time_span,p25,150.2
full_training,observed_time_span,median,208.4
full_training,observed_time_span,p75,296.95
full_training,observed_time_span,p90,354.42000000000047
full_training,observed_time_span,p95,384.2
full_training,observed_time_span,p99,444.6
full_training,observed_time_span,max,504.20000000000005
full_training,observed_time_span,mean,227.2106921443737
full_training,observed_time_span,std,89.70011454978716
full_training,length_of_study_time_step,min,73.4
full_training,length_of_study_time_step,p25,163.8
full_training,length_of_study_time_step,median,218.2
full_training,length_of_study_time_step,p75,312.0
full_training,length_of_study_time_step,p90,365.0
full_training,length_of_study_time_step,p95,397.2
full_training,length_of_study_time_step,p99,459.50199999999967
full_training,length_of_study_time_step,max,510.0
full_training,length_of_study_time_step,mean,240.34901910828026
full_training,length_of_study_time_step,std,88.78243684347446
full_training,first_observed_time_step,min,0.0
full_training,first_observed_time_step,p25,2.6
full_training,first_observed_time_step,median,5.2
full_training,first_observed_time_step,p75,9.4
full_training,first_observed_time_step,p90,15.4
full_training,first_observed_time_step,p95,21.0
full_training,first_observed_time_step,p99,48.60399999999936
full_training,first_observed_time_step,max,316.4
full_training,first_observed_time_step,mean,7.549961783439491
full_training,first_observed_time_step,std,9.419351267873873
full_training,last_observed_time_step,min,11.2
full_training,last_observed_time_step,p25,157.8
full_training,last_observed_time_step,median,215.2
full_training,last_observed_time_step,p75,305.4
full_training,last_observed_time_step,p90,361.4
full_training,last_observed_time_step,p95,392.6
full_training,last_observed_time_step,p99,452.8
full_training,last_observed_time_step,max,507.4
full_training,last_observed_time_step,mean,234.76065392781314
full_training,last_observed_time_step,std,89.35997990616188
full_training,study_time_minus_last_observed,min,0.19999999999998863
full_training,study_time_minus_last_observed,p25,0.8000000000000114
full_training,study_time_minus_last_observed,median,2.0
full_training,study_time_minus_last_observed,p75,5.0
full_training,study_time_minus_last_observed,p90,12.800000000000011
full_training,study_time_minus_last_observed,p95,24.399999999999977
full_training,study_time_minus_last_observed,p99,53.701999999999686
full_training,study_time_minus_last_observed,max,324.6
full_training,study_time_minus_last_observed,mean,5.5883651804670915
full_training,study_time_minus_last_observed,std,11.87742315022928
subsample_5000,n_subjects,value,5000.0
subsample_5000,n_readouts,value,238112.0
subsample_5000,events,value,484.0
subsample_5000,censored,value,4516.0
subsample_5000,event_rate,value,0.0968
subsample_5000,censoring_rate,value,0.9032
subsample_5000,sequence_length,min,5.0
subsample_5000,sequence_length,p25,27.0
subsample_5000,sequence_length,median,43.0
subsample_5000,sequence_length,p75,65.0
subsample_5000,sequence_length,p90,83.0
subsample_5000,sequence_length,p95,96.0
subsample_5000,sequence_length,p99,126.01000000000022
subsample_5000,sequence_length,max,237.0
subsample_5000,sequence_length,mean,47.6224
subsample_5000,sequence_length,std,27.23871156500513
subsample_5000,observed_time_span,min,29.400000000000006
subsample_5000,observed_time_span,p25,148.4
subsample_5000,observed_time_span,median,207.7
subsample_5000,observed_time_span,p75,297.25
subsample_5000,observed_time_span,p90,355.59999999999997
subsample_5000,observed_time_span,p95,383.61000000000007
subsample_5000,observed_time_span,p99,440.8020000000001
subsample_5000,observed_time_span,max,499.4
subsample_5000,observed_time_span,mean,226.64012000000002
subsample_5000,observed_time_span,std,89.97395145692866
subsample_5000,length_of_study_time_step,min,74.8
subsample_5000,length_of_study_time_step,p25,161.6
subsample_5000,length_of_study_time_step,median,217.6
subsample_5000,length_of_study_time_step,p75,312.85
subsample_5000,length_of_study_time_step,p90,365.4
subsample_5000,length_of_study_time_step,p95,397.6300000000001
subsample_5000,length_of_study_time_step,p99,453.80600000000015
subsample_5000,length_of_study_time_step,max,502.6
subsample_5000,length_of_study_time_step,mean,239.76667999999998
subsample_5000,length_of_study_time_step,std,89.25209853665201
subsample_5000,first_observed_time_step,min,0.0
subsample_5000,first_observed_time_step,p25,2.6
subsample_5000,first_observed_time_step,median,5.2
subsample_5000,first_observed_time_step,p75,9.8
subsample_5000,first_observed_time_step,p90,15.6
subsample_5000,first_observed_time_step,p95,21.6
subsample_5000,first_observed_time_step,p99,49.002000000000045
subsample_5000,first_observed_time_step,max,316.4
subsample_5000,first_observed_time_step,mean,7.646
subsample_5000,first_observed_time_step,std,9.805845344516918
subsample_5000,last_observed_time_step,min,43.4
subsample_5000,last_observed_time_step,p25,156.35
subsample_5000,last_observed_time_step,median,214.4
subsample_5000,last_observed_time_step,p75,305.85
subsample_5000,last_observed_time_step,p90,362.4
subsample_5000,last_observed_time_step,p95,393.6
subsample_5000,last_observed_time_step,p99,446.01800000000037
subsample_5000,last_observed_time_step,max,500.0
subsample_5000,last_observed_time_step,mean,234.28612
subsample_5000,last_observed_time_step,std,89.73375193645319
subsample_5000,study_time_minus_last_observed,min,0.19999999999998863
subsample_5000,study_time_minus_last_observed,p25,0.7999999999999972
subsample_5000,study_time_minus_last_observed,median,2.1999999999999886
subsample_5000,study_time_minus_last_observed,p75,5.0
subsample_5000,study_time_minus_last_observed,p90,12.620000000000092
subsample_5000,study_time_minus_last_observed,p95,23.399999999999977
subsample_5000,study_time_minus_last_observed,p99,53.80600000000014
subsample_5000,study_time_minus_last_observed,max,252.60000000000002
subsample_5000,study_time_minus_last_observed,mean,5.48056
subsample_5000,study_time_minus_last_observed,std,11.374459536714282
