algorithm,dataset,arch,seed,val_ci,val_bs,test_ci,test_bs
tc_cox,scania,transformer_h128_l2,1,0.5,0.08482100464097761,0.4995760869565217,0.09005999232875964
tc_cox,scania,transformer_h128_l2,0,0.4942639958501257,0.6029068491947696,0.51857082956326,0.5941559630931389
tc_cox,scania,transformer_h128_l4,1,0.5,0.08543527023319761,0.5,0.09001723226625663
tc_cox,scania,transformer_h128_l4,0,0.5,0.08772971840747568,0.5,0.0930634615170534
tc_cox,scania,transformer_h64_l2,1,0.5,0.08526580804426385,0.49931521739130436,0.08982460772118542
tc_cox,scania,transformer_h64_l2,0,0.5,0.08614292605108294,0.5,0.0906085662024212
tc_cox,nasa,transformer_h128_l2,1,0.3890845070422535,0.6054253460255905,0.47520661157024796,0.6779297151145859
tc_cox,nasa,transformer_h128_l2,0,0.4132420091324201,0.46485892784782473,0.45604395604395603,0.5195190782376183
tc_cox,nasa,transformer_h128_l4,1,0.5035211267605634,0.6091635407607522,0.5041322314049587,0.6816192003890504
tc_cox,nasa,transformer_h128_l4,0,0.5273972602739726,0.45447651722350585,0.5091575091575091,0.5099219716745862
tc_cox,nasa,transformer_h64_l2,1,0.5580985915492958,0.438453725985204,0.5144628099173554,0.48709511415948753
tc_cox,nasa,transformer_h64_l2,0,0.6141552511415526,0.5804520840175001,0.5238095238095238,0.6449732177117189
tc_ddh,scania,gru_attn_h128,1,0.5,0.8661575445582472,0.5,0.8588944924134879
tc_ddh,scania,gru_attn_h128,0,0.5,0.595253170450182,0.4999668969169995,0.5860280011884351
tc_ddh,scania,gru_attn_h64,1,0.4997865072587532,0.7239882219442555,0.5033043478260869,0.7170234798053584
tc_ddh,scania,gru_attn_h64,0,0.5017058377558756,0.3987533147667754,0.5108247081411516,0.3908110437698565
tc_ddh,nasa,gru_attn_h128,1,0.4964788732394366,0.6130005865165362,0.5,0.6860021199349196
tc_ddh,nasa,gru_attn_h128,0,0.6278538812785388,0.4773836144745461,0.5842490842490843,0.5337883663003583
tc_ddh,nasa,gru_attn_h64,1,0.4859154929577465,0.5076059621239953,0.5475206611570248,0.568332445121744
tc_ddh,nasa,gru_attn_h64,0,0.5296803652968036,0.47833868433558574,0.6227106227106227,0.5338696983140029
