H,tau,run,ci,ibs,ci_ipcw,ibs_ipcw
30,0.01,0,0.7559493992394364,0.24975311423146773,0.7533053940786806,0.09534267520210125
30,0.01,1,0.7501957851513719,0.2463800449723391,0.7496668533575388,0.09328120944733881
30,0.01,10,0.7382675895026234,0.25342109395746765,0.7242608007107129,0.09674590956116609
30,0.01,11,0.6986378527366414,0.2551738449436992,0.7009675737268004,0.09984911361719113
30,0.01,12,0.7279139062724154,0.2504528544528352,0.7248537051700497,0.09708451815262614
30,0.01,13,0.7286241418966113,0.2475515079182053,0.7371675775893702,0.09632963075211548
30,0.01,14,0.6797342966197958,0.25469422707306566,0.6651055447189015,0.10305978331608566
30,0.01,15,0.7404794325640682,0.24782140591136603,0.7431642171536723,0.09588549466346089
30,0.01,16,0.7321141739042499,0.2508240762992882,0.732515112304216,0.0956181561790394
30,0.01,17,0.72701200110063,0.25356772802570604,0.7261322157631472,0.09866404805284608
30,0.01,18,0.7438812730620797,0.25137355086109164,0.72721180401321,0.09741323922478076
30,0.01,19,0.7536822894986254,0.24682231453124676,0.7523571332007184,0.09453857302321916
30,0.01,2,0.7268720705720219,0.25140333556248795,0.7382510284092006,0.09753896746185196
30,0.01,20,0.749577268697188,0.24822253404999683,0.7566098225149192,0.09624846598323332
30,0.01,21,0.7178647777221191,0.24842289008642984,0.7198188454778964,0.09828659382289692
30,0.01,22,0.7322705668479884,0.2512702532220274,0.7312732961239112,0.0980502471435647
30,0.01,23,0.748467231562683,0.25103241561146655,0.7422642383978061,0.09609798656078035
30,0.01,24,0.7518255642492786,0.2495918198838508,0.7539446493752293,0.09577805244055389
30,0.01,25,0.7349903930048847,0.2510505425303176,0.7403638540721141,0.09583015304377497
30,0.01,26,0.7511094491911074,0.24876601592706166,0.7334904111705518,0.0948193245367592
30,0.01,27,0.7225906667513305,0.25400462943971686,0.7173545259661253,0.09860560199487393
30,0.01,28,0.7432533495135356,0.2498140067759003,0.7339635759670909,0.09659475866864861
30,0.01,29,0.7287640724252195,0.2526970567388848,0.711012186407617,0.09663114820046213
30,0.01,3,0.7239946755845921,0.2531977598826474,0.7266807006701559,0.09687571682394884
30,0.01,4,0.7154236367356441,0.2530619943746932,0.719245253867398,0.09953564920449512
30,0.01,5,0.7207809769737847,0.25599151165900375,0.7090113752679658,0.09857488020458834
30,0.01,6,0.720523457765674,0.24803873509013957,0.7151316170648332,0.09623944644601767
30,0.01,7,0.7413895689434187,0.2510767218523768,0.7298480078796423,0.09590551192279724
30,0.01,8,0.737760782293967,0.2509185054599381,0.7306166592634079,0.0967473093602671
30,0.01,9,0.7170393051920105,0.2525813164373787,0.7201143320651229,0.09762742172426919
30,0.05,0,0.7705303954977646,0.2211933676982277,0.7596747716255625,0.09095745775580016
30,0.05,1,0.758863246717512,0.21897200155397994,0.7491241623051816,0.09117631258933738
30,0.05,10,0.7584787317355384,0.21825373843327664,0.7416481585198632,0.09161828429820901
30,0.05,11,0.7217546112400667,0.22981582861036692,0.7103246489889724,0.1044308239135509
30,0.05,12,0.7262841271745086,0.22630628241926617,0.7139110450182506,0.10353445331078234
30,0.05,13,0.7564009397687266,0.21649819887205468,0.7473048919446107,0.09869604161808969
30,0.05,14,0.72078920818135,0.22939030853889317,0.6951157805287858,0.10917122527070061
30,0.05,15,0.7650001999007552,0.2210340978574403,0.7560111242009309,0.09496750516565498
30,0.05,16,0.7483108386189444,0.2218207622489582,0.7370826010544815,0.09576397733214946
30,0.05,17,0.7559082432016105,0.22396911682912835,0.7520828907472141,0.09485779189676877
30,0.05,18,0.7499453212640312,0.22229118069237858,0.7286641302458525,0.09695153510049276
30,0.05,19,0.7706326976489319,0.2170183966435749,0.7602290503872227,0.09386659391372984
30,0.05,2,0.7578660947153296,0.22246725143249801,0.7487823248807431,0.09414975674955535
30,0.05,20,0.7718038808967783,0.21557953390329748,0.7701288167017517,0.09805896495645951
30,0.05,21,0.7421444882658257,0.22330158651879017,0.7233221962571699,0.10505862029850073
30,0.05,22,0.7573416492047478,0.21814210025082217,0.7497537611773113,0.0953297264388459
30,0.05,23,0.7581671217348563,0.22520178616210582,0.7435292299967168,0.09643274429118781
30,0.05,24,0.7584505104524577,0.22207771078290706,0.7585121381254949,0.09209984498685422
30,0.05,25,0.7626672404994227,0.21779900763237134,0.7527762220205102,0.09012032743615232
30,0.05,26,0.7679634346242219,0.21728429471476388,0.7545491415438691,0.09307968715080636
30,0.05,27,0.739716282034096,0.22642743401356108,0.7310724424959926,0.09780956247807965
30,0.05,28,0.7664241988095322,0.22057043665274617,0.7559589795090674,0.09480007845201446
30,0.05,29,0.7460966437839096,0.22225568570020746,0.7184476332103749,0.0923363913684505
30,0.05,3,0.7552838473134514,0.22287867206580872,0.751424322601827,0.08716026512724938
30,0.05,4,0.7519067004381355,0.22031833963837044,0.747604241101605,0.095901462202291
30,0.05,5,0.7374856247839308,0.22543098548864327,0.7224125610768845,0.0980883289748856
30,0.05,6,0.7265334151750543,0.22734500867104276,0.7156240947102107,0.11373382244536553
30,0.05,7,0.7577920138472429,0.21703203506565208,0.7467390254736476,0.09504847600601472
30,0.05,8,0.7364026330457114,0.2246082020302725,0.720680198536086,0.10374272730499408
30,0.05,9,0.7308183466561308,0.22635653395458952,0.7271519341818111,0.09581611637531609
30,0.1,0,0.7719708568216721,0.1991361260908004,0.7581992699743139,0.10386227018678824
30,0.1,1,0.7724600257284031,0.1902479725592373,0.7623592576140906,0.10909336523611182
30,0.1,10,0.7602202200789726,0.1996546530921156,0.7414975182989243,0.10769874897245056
30,0.1,11,0.7195839242164478,0.2155332414373131,0.7062592943085034,0.12298539222078946
30,0.1,12,0.7277516338947017,0.2163252682576375,0.714567681878754,0.13445168025597154
30,0.1,13,0.7667158187346987,0.19537124721726587,0.7551381834334383,0.12453384471597607
30,0.1,14,0.7203705924823205,0.21695999091672966,0.7003592189883929,0.12728847373233126
30,0.1,15,0.7607446655895543,0.2015117174984833,0.7476003785318373,0.11015526584476179
30,0.1,16,0.7501287596040555,0.2017278896530126,0.7397574306185906,0.11752842078748799
30,0.1,17,0.7495749169235979,0.20449868762616477,0.7388130323103961,0.11632391607702515
30,0.1,18,0.7551215749357378,0.1976619566154672,0.7393035786708897,0.10243481338666807
30,0.1,19,0.7688088972298459,0.19688272982096122,0.7519090751076691,0.12114878691668209
30,0.1,2,0.7615666104592779,0.20154841739625093,0.7501303617296587,0.10353341110915361
30,0.1,20,0.792269014677419,0.1882599671543475,0.7860368102898858,0.11548267670649531
30,0.1,21,0.7482320542036777,0.20532212316242907,0.7294520944784565,0.13558953704418364
30,0.1,22,0.7601332044561406,0.19599904727821074,0.7506769153517835,0.10641078496056502
30,0.1,23,0.7617571041200721,0.2036486423340257,0.7484424187411886,0.11538919021355472
30,0.1,24,0.7552626813511409,0.2064535131741614,0.7525154985611927,0.1064939489902011
30,0.1,25,0.7645992225036511,0.19441837626514233,0.750462542729678,0.10159556714133208
30,0.1,26,0.7651648240520589,0.19251209364016364,0.7496514030784681,0.11914748849907826
30,0.1,27,0.7486730117518127,0.2060515858974549,0.7374630641765967,0.11894350827110345
30,0.1,28,0.7594159135111744,0.20550003492083185,0.7509704706541261,0.12075794030467732
30,0.1,29,0.7451571102346835,0.20192250097497408,0.7171015276463432,0.10437883973714529
30,0.1,3,0.7525146339111641,0.2030846436934209,0.7471001757469244,0.094163691180471
30,0.1,4,0.7519643188910917,0.20196561733278895,0.7439347998223218,0.11184544385340324
30,0.1,5,0.7382134987100522,0.20533721037983288,0.7175553795940439,0.11577286880163189
30,0.1,6,0.7301986543151517,0.21622429919745706,0.7080399389713977,0.16288674938574946
30,0.1,7,0.7674166472645345,0.19669947496084683,0.7503640472006026,0.12637731888210424
30,0.1,8,0.7332124521708047,0.20815723598362942,0.719940516425578,0.1268831815348549
30,0.1,9,0.7294578456342851,0.21250686594084783,0.7272600861353058,0.10638044915940564
30,0.25,0,0.7679810729261473,0.1742631947327469,0.7576758917707951,0.13094895009455151
30,0.25,1,0.7594711801905407,0.17503880179316703,0.7609957704861045,0.1570679786752603
30,0.25,10,0.7455639670657627,0.17393802464685473,0.729202958728442,0.13777055282004405
30,0.25,11,0.7363720599890408,0.1819363220418062,0.7234264856408968,0.1329239960456394
30,0.25,12,0.7199319867077757,0.21405646808678003,0.7117402808088221,0.20538397514074316
30,0.25,13,0.7550616047091915,0.17539716019227314,0.745587979682883,0.15446658014649917
30,0.25,14,0.72501416943588,0.18175278454264537,0.7085749048842195,0.13622653613199656
30,0.25,15,0.7381229554268351,0.18952826361375164,0.7295447961528805,0.1581643360123229
30,0.25,16,0.7444127738934317,0.1756829474668656,0.7405705015546843,0.13811657052640797
30,0.25,17,0.7375961581426633,0.177171458796788,0.7263330693910659,0.14261970824651093
30,0.25,18,0.7513469783237028,0.17549082141258665,0.7391143127522741,0.1444781279917434
30,0.25,19,0.7577155812055661,0.17407271385350812,0.7406883099325982,0.16003077207976282
30,0.25,2,0.7656810383550755,0.1677859385443268,0.755165221421812,0.11014040061337795
30,0.25,20,0.7717921220288281,0.17536376696115047,0.7681492496958227,0.17480795731512572
30,0.25,21,0.7428159196257857,0.18799929081803127,0.7354371463334557,0.18606715871750593
30,0.25,22,0.7485730613742354,0.1804028426913935,0.7407404546244617,0.1492141052168829
30,0.25,23,0.7531543163276585,0.18669711161738636,0.748842194712142,0.15768508991085198
30,0.25,24,0.7639160322757408,0.1754349335524398,0.7604588732883988,0.12341372119055025
30,0.25,25,0.7575098010164365,0.1653613990217452,0.7412425886942583,0.13432495268511097
30,0.25,26,0.7617559282332771,0.1745363129142383,0.749421580177292,0.15287090454335311
30,0.25,27,0.7349598199482139,0.1865423483636061,0.7198381583267348,0.1537549590183763
30,0.25,28,0.7555354870875871,0.18157742832207333,0.7439830819444176,0.14226164640364272
30,0.25,29,0.7444997895162637,0.17669116884951047,0.719372718669731,0.13279781938470672
30,0.25,3,0.7447608363847595,0.18472880128591254,0.7359527993974391,0.114669352931445
30,0.25,4,0.7405358751302294,0.18383435550519872,0.7388709708569111,0.1345417233976504
30,0.25,5,0.7439577057037565,0.1700108484315445,0.7326039514088724,0.12960862269312834
30,0.25,6,0.7120500175207133,0.19843754844622824,0.6966299078777111,0.1969287167532013
30,0.25,7,0.7612773423077014,0.1799230348955164,0.7540933583112845,0.1780764397852867
30,0.25,8,0.7299634769561465,0.18232178908133811,0.7159620695648815,0.1602603278771021
30,0.25,9,0.7242298529435974,0.19640297388280412,0.726041445373607,0.16006029630136623
30,0.5,0,0.7728951038425629,0.1648999391912582,0.7610324648988972,0.11493592705841758
30,0.5,1,0.7610750897789568,0.1606190091798218,0.7479074528283667,0.1304341385313976
30,0.5,10,0.7513810790407586,0.16375153248175756,0.732040016222793,0.12583511928450805
30,0.5,11,0.7573851570161637,0.16475913936930092,0.7436875953571911,0.1190115243210775
30,0.5,12,0.7492409650738104,0.1789635322075386,0.7465227215666583,0.13956140199480907
30,0.5,13,0.7627072206504535,0.1581995616596334,0.7468355897178393,0.13188315739454234
30,0.5,14,0.7253904532102885,0.1803044087261234,0.7072500434539098,0.11202903279874427
30,0.5,15,0.7524323218355122,0.17390246875931029,0.7500589041889569,0.10627791121617595
30,0.5,16,0.7590078807933003,0.16387725540887577,0.7483651673458351,0.12769352340574364
30,0.5,17,0.7576473797714547,0.16130854320425364,0.7433129260897275,0.12032683505610182
30,0.5,18,0.7458379486890038,0.168022381367507,0.7263871453678132,0.13337270822242991
30,0.5,19,0.7542972782924242,0.16758790092464268,0.745703856775913,0.1546100934137162
30,0.5,2,0.7681186516811653,0.1681660469618064,0.7577241738928909,0.10018816158669887
30,0.5,20,0.7712453346691407,0.16144730113469696,0.7595164062650882,0.1418057662233167
30,0.5,21,0.7469256439744033,0.16985211077641688,0.7381930898626856,0.143510444936923
30,0.5,22,0.7672849479434916,0.15982293668004505,0.7605998570849186,0.10604402200175628
30,0.5,23,0.7554249537288547,0.16645838773297447,0.74293632553738,0.13384179547530103
30,0.5,24,0.7633845314443888,0.17036161294329502,0.7586956101894591,0.10643718139108262
30,0.5,25,0.762683702914553,0.1579939401338553,0.7486857606365515,0.13614303428172392
30,0.5,26,0.7695355952691723,0.1600377887760146,0.7523609957704861,0.1342839433187956
30,0.5,27,0.7544583747833429,0.16956658460700114,0.7369087854149365,0.14837227640650819
30,0.5,28,0.7531249191577828,0.16644928360294944,0.7370265937928504,0.127532147987636
30,0.5,29,0.7557906545221078,0.16080651530429993,0.7332644508391433,0.11127711722563394
30,0.5,3,0.7544266258398772,0.16726705453525476,0.7449506556712181,0.09950691243749235
30,0.5,4,0.7431028360037722,0.16621037877889555,0.7342474748450144,0.11834993239277747
30,0.5,5,0.739936172864766,0.1672455939056669,0.7256011124200931,0.12186254913169114
30,0.5,6,0.7379289341056557,0.16943823868734068,0.7233820660885687,0.1395453062144462
30,0.5,7,0.7563350901082051,0.16091234697449466,0.7441665540083818,0.12623787199750416
30,0.5,8,0.7396880607510153,0.17090892688796014,0.7318372313099906,0.13649334042821135
30,0.5,9,0.7497806971127275,0.16644037543739093,0.7408099808802796,0.10843945556751568
30,1.0,0,0.7591054793972875,0.16752500196657302,0.7443538886421136,0.11234355891484135
30,1.0,1,0.7537081590081159,0.16529222966949786,0.7363738195021148,0.1513383921988255
30,1.0,10,0.7291815122374539,0.1749501432175606,0.7190849572220398,0.11540298435262272
30,1.0,11,0.7417682044914172,0.1821085492132197,0.7282971861179243,0.09576636111572631
30,1.0,12,0.7401878126389017,0.1724967004460442,0.7310357480831997,0.12268720995060414
30,1.0,13,0.7600050327954827,0.16301839240088864,0.7489020645435408,0.10048969221110839
30,1.0,14,0.7099440042708208,0.18201510874703175,0.6896347940284672,0.14076442787523058
30,1.0,15,0.7518290919096636,0.17304615179421887,0.7416906467873076,0.09878147160818676
30,1.0,16,0.7513493300972929,0.15828362933138126,0.7394870507348539,0.11447948350980891
30,1.0,17,0.7478157902782383,0.1614935060789794,0.7302864095482725,0.11522807012321541
30,1.0,18,0.7423561478889305,0.17047653426381157,0.7170957337916916,0.101758595709108
30,1.0,19,0.7653576694864432,0.1661172885401534,0.7489735220842426,0.1546250674535597
30,1.0,2,0.764593343069676,0.16870396310913435,0.7558971783927847,0.14316875922371647
30,1.0,20,0.7771518140405587,0.15337958857087786,0.7686340022016648,0.1284528568254662
30,1.0,21,0.7552485707096006,0.16253213279760226,0.7441491724444272,0.1336213418093773
30,1.0,22,0.7612738146473162,0.161169056548239,0.7502404449680372,0.11961485554396564
30,1.0,23,0.7522477076086931,0.16701826200005337,0.7349832943857548,0.12380520337181525
30,1.0,24,0.7595205674359318,0.17501105895877095,0.7576604414917244,0.10838149211460404
30,1.0,25,0.7559152985223807,0.15892610930339668,0.7364626586067711,0.11107696503678183
30,1.0,26,0.7526827857228529,0.1670462034865187,0.7273083682574016,0.11983316352733121
30,1.0,27,0.7397915387889777,0.17398392602858645,0.7194403136406652,0.10544119983276246
30,1.0,28,0.7241063848301197,0.20370729928352144,0.7016377295814905,0.09862327326661327
30,1.0,29,0.7450971400081371,0.1707608993016703,0.7202842851349003,0.09555561050705312
30,1.0,3,0.7664900484700536,0.17048223950314007,0.7607968481430696,0.08712899830534175
30,1.0,4,0.7321235809986101,0.1786589935801838,0.7238590934548755,0.12924565358272294
30,1.0,5,0.7376220276521539,0.1732326113803871,0.7275787481411383,0.1469823764215205
30,1.0,6,0.720698664898133,0.17807737329794124,0.6960930106800054,0.15282106521716812
30,1.0,7,0.736472010366618,0.16942213385851895,0.7245350431642171,0.12138070447978658
30,1.0,8,0.741582414377803,0.1694191549990854,0.7260086135305819,0.11676471884452316
30,1.0,9,0.7430793182678718,0.17177930207183295,0.7398153691651056,0.10523770542439438
50,0.01,0,0.678602094946952,0.2813461555998914,0.6873611207081526,0.11240386027810452
50,0.01,1,0.6590361445783133,0.2827889574487109,0.6693936407376831,0.11314649858656789
50,0.01,10,0.6847340855961158,0.2818269782035098,0.7016136364462903,0.11265240012056207
50,0.01,11,0.7031390487322424,0.28607793585259356,0.710927413635719,0.11493997952586824
50,0.01,12,0.701813972307139,0.2821243361745781,0.707717960933778,0.11273890517972379
50,0.01,13,0.6854702391656177,0.28466303930807624,0.6941891631420269,0.11411841687305621
50,0.01,14,0.7021410267937421,0.28265281821933697,0.719833872181955,0.11306111690262662
50,0.01,15,0.6904401186836899,0.2826176525761004,0.6992424600591339,0.11295444470719238
50,0.01,16,0.64436027692861,0.28606839770752207,0.6591215737046722,0.11554742729163736
50,0.01,17,0.7116267308038122,0.2834054899692856,0.7231797038938935,0.11313194658209975
50,0.01,18,0.7055576784750944,0.28416479134729683,0.7105382788605261,0.11333770341259229
50,0.01,19,0.7108534885811905,0.2823034010616871,0.7162389214784212,0.11209904008615428
50,0.01,2,0.6625730534076605,0.28366343240432695,0.6859809651269779,0.11360509829895035
50,0.01,20,0.6729219115267038,0.28247365287750825,0.6883575966745342,0.1130035090253331
50,0.01,21,0.6855635227477073,0.28310711786544324,0.6971640439467722,0.11328016877185249
50,0.01,22,0.6771747437511239,0.2819730933099333,0.6905269321268943,0.11262213825044479
50,0.01,23,0.6915516543787089,0.28489943389301503,0.7088362688157575,0.11353141925272146
50,0.01,24,0.7026231792843014,0.2800220358206125,0.7185228152991792,0.11084645306207755
50,0.01,25,0.6653783042618234,0.2831773718175473,0.6709920027348537,0.11350265058694056
50,0.01,26,0.6922349847149794,0.2830883004840449,0.7079034363873746,0.11303635719270588
50,0.01,27,0.6847621830606007,0.2852910318481715,0.6977513828831614,0.11461223957994501
50,0.01,28,0.6965945873044417,0.2813124381230791,0.706305074390204,0.11181536455571539
50,0.01,29,0.7094621021399029,0.2854794855500066,0.7148878600860461,0.11454389904762587
50,0.01,3,0.6935364592699155,0.28386935611321423,0.699291556502733,0.1140317057633354
50,0.01,4,0.6930947671282144,0.2797673953511798,0.7068105859205946,0.11087337011487394
50,0.01,5,0.7146455223880597,0.28251071124277655,0.7203993904767446,0.11185993463520609
50,0.01,6,0.6684499190793023,0.2840721010355148,0.6906451272688922,0.11413284448754464
50,0.01,7,0.6928261553677396,0.28089005340873185,0.7022591637602784,0.11182294357629288
50,0.01,8,0.6847588113648624,0.2835366670140448,0.7027337627150697,0.11322545942630527
50,0.01,9,0.7124696547383564,0.28277109796596706,0.7144150795180547,0.11278030654695546
50,0.05,0,0.7439129652940119,0.25038587651476885,0.7377958969920245,0.09687560408007141
50,0.05,1,0.726751033986693,0.2534259335342172,0.7229924100534969,0.10002968035881285
50,0.05,10,0.7275220284121561,0.2520004095551785,0.7341973095148908,0.09964746484398948
50,0.05,11,0.744890757058083,0.25606060995962204,0.7417745273103513,0.09748875853336031
50,0.05,12,0.7610793921956482,0.24984207310731144,0.7550305670821075,0.0950522593149359
50,0.05,13,0.7313253012048193,0.2527055948095202,0.7282511846790002,0.09715100984046178
50,0.05,14,0.7486895342564287,0.25077965370017913,0.7505518803937898,0.09761294013563405
50,0.05,15,0.7446592339507283,0.25081053294795935,0.7434838109023199,0.09525554459399908
50,0.05,16,0.707980803812264,0.2561857624571581,0.7117747818845034,0.10241369610897566
50,0.05,17,0.7510452256788347,0.25028273591083283,0.753364924773338,0.0948227338472785
50,0.05,18,0.7574469519870527,0.2510907831607219,0.7486498478010248,0.09420956677206002
50,0.05,19,0.7407795360546664,0.25276311226176434,0.7367776003840433,0.09688845088648021
50,0.05,2,0.7339855691422406,0.25111788938733604,0.7367085016856446,0.0965509099923816
50,0.05,20,0.7441478600971049,0.2498727484238624,0.7454949467030829,0.09686299381435054
50,0.05,21,0.7503113199064917,0.2517842833746545,0.7474278918714473,0.09482383275469357
50,0.05,22,0.7471868818557813,0.2503569713823275,0.7519665853241638,0.09588360879535877
50,0.05,23,0.7344958190972847,0.2555397859302998,0.7359629630976583,0.09749491385987794
50,0.05,24,0.7508586585146556,0.2544597017572505,0.7482152533558328,0.09719384264590142
50,0.05,25,0.7192501348678295,0.2527643443578195,0.7195811164167597,0.10098189242703824
50,0.05,26,0.7536492986872865,0.2496444974403642,0.7486498478010248,0.09499843242807755
50,0.05,27,0.7181464664628664,0.25363191300215965,0.7236052064050856,0.09778729378053931
50,0.05,28,0.7415887430318288,0.25039680661121905,0.7400743356523827,0.09681356365292591
50,0.05,29,0.746804756338788,0.25266811471388867,0.7404634704275754,0.0967178299430027
50,0.05,3,0.7326368908469699,0.2547686786727841,0.7211922071215301,0.09999001061246031
50,0.05,4,0.7467305790325481,0.24803795983922805,0.7487316752070233,0.09428918469637809
50,0.05,5,0.7451323952526524,0.25338857027789863,0.7442638988395055,0.09490702182947708
50,0.05,6,0.7341215608703471,0.2499083700347312,0.7468150955198586,0.0971900213150015
50,0.05,7,0.7498516453875202,0.24945668833699186,0.7493081038226127,0.09477031320006389
50,0.05,8,0.7370234670023377,0.248730228152463,0.7504373220253919,0.09583190465488033
50,0.05,9,0.7355803812263981,0.25383803173036884,0.7379413679360218,0.09676905464286914
50,0.1,0,0.75212641611221,0.22708538863117436,0.7419890969527474,0.09768836284856074
50,0.1,1,0.7384081100521489,0.2289897618883422,0.7307241907269547,0.10075103625638891
50,0.1,10,0.7388115896421507,0.23032455859233847,0.740163436605581,0.10394353955297891
50,0.1,11,0.7375449559431757,0.23556692627706077,0.7340463834104936,0.09583694233190557
50,0.1,12,0.7644510879338249,0.22262779058445004,0.7560725027184882,0.0931651070831478
50,0.1,13,0.7205707156986153,0.22969096193537186,0.7142823372816572,0.09845392015745005
50,0.1,14,0.7428171641791045,0.22875173949562227,0.7409271590615669,0.1019725790255284
50,0.1,15,0.7569355781334293,0.22122033699309898,0.7572071760816674,0.09276667843322808
50,0.1,16,0.7077245549361626,0.23660927342671695,0.7115711225629071,0.11115444033109308
50,0.1,17,0.7555307049091889,0.22621377995191985,0.7511755870661784,0.09340003049086522
50,0.1,18,0.7667685668045315,0.22307230526690666,0.7598256530736192,0.08552304049905944
50,0.1,19,0.7540595216687647,0.22490281173794296,0.7497226960130051,0.09176528638389944
50,0.1,2,0.7451267757597554,0.22588975690555596,0.7474278918714473,0.09587250546152441
50,0.1,20,0.7563365401906132,0.22499936981174276,0.7490880790198168,0.09527764025940709
50,0.1,21,0.7511542438410358,0.2261331379697962,0.7416254195927541,0.09080533380536492
50,0.1,22,0.7522185757957202,0.22476363549220063,0.7499772701650004,0.09524323983643102
50,0.1,23,0.7361704279805791,0.23010566791970283,0.7360356985696569,0.0945288857097118
50,0.1,24,0.7493548822154289,0.23310617163096556,0.7454822179954831,0.09476992353365458
50,0.1,25,0.7205752112929329,0.23321268248439955,0.7182464205055843,0.10939508400351201
50,0.1,26,0.7611749235748966,0.2239446599028558,0.7573090057424655,0.09183289731093425
50,0.1,27,0.7279558532638015,0.23001274059893978,0.724019798595478,0.09831118685475942
50,0.1,28,0.7598554666426902,0.22239695051359049,0.7551342151297056,0.09369627670881449
50,0.1,29,0.7464732062578673,0.22550154923394827,0.7362411762780532,0.0976094128269724
50,0.1,3,0.7434679014565726,0.22875186673020692,0.7296695263829741,0.09577260654048927
50,0.1,4,0.7647511688545225,0.2209996236514571,0.7597038211580215,0.09139739088172902
50,0.1,5,0.7612502247797159,0.22491557831421546,0.7545886990897156,0.08810211234571469
50,0.1,6,0.7488187825930588,0.22680417123017166,0.7563161665496838,0.0999742118805338
50,0.1,7,0.753868458910268,0.22495730052085763,0.7486280271594252,0.09248439197976994
50,0.1,8,0.7423934544146736,0.22708022427767094,0.7507173535925868,0.09780779410636385
50,0.1,9,0.7395702211832405,0.22991422403237008,0.7401361608035815,0.09385540286768713
50,0.25,0,0.7351060960258946,0.17657464426635924,0.7261018514814397,0.1356181832912628
50,0.25,1,0.7264576964574717,0.18262068312144514,0.7262200466234375,0.13707849523155152
50,0.25,10,0.7306914224060421,0.17976894326195916,0.7384541530136124,0.14940180542857523
50,0.25,11,0.744546844092789,0.18706456689850956,0.7426018933043361,0.10735384912967158
50,0.25,12,0.7543393724150332,0.16650945080202295,0.7460550098374726,0.12494906359491742
50,0.25,13,0.7318569052328718,0.17705977521607302,0.7338099931264979,0.13629198442745682
50,0.25,14,0.7490098453515555,0.17216587508377562,0.7485261974986271,0.129957814642546
50,0.25,15,0.73770342564287,0.1712980344739258,0.7403652775403773,0.12150763179840139
50,0.25,16,0.6940927890667146,0.19611579199791526,0.6958366215827966,0.16481655684144797
50,0.25,17,0.7489300485524186,0.17016937480525282,0.7468605551898577,0.13051814266681738
50,0.25,18,0.7632732422226218,0.1629165256397513,0.7560470453032887,0.10320017301277139
50,0.25,19,0.738594677216328,0.16746393946338783,0.7398743131043863,0.12181855821498189
50,0.25,2,0.7495493166696637,0.16872668684808442,0.7532521847917402,0.12977837350323895
50,0.25,20,0.7363659863333932,0.17954732812006793,0.7342882288548891,0.14461371568410364
50,0.25,21,0.7507945962956303,0.17635431867166015,0.7464259607446657,0.10593119482777777
50,0.25,22,0.730588023736738,0.179429230575185,0.7288203397473897,0.1471967486309725
50,0.25,23,0.7323941287538213,0.17902863871156358,0.7336517934749008,0.13033977548630193
50,0.25,24,0.7550597914044237,0.17723989661740844,0.7552433183377035,0.11167685957715594
50,0.25,25,0.7186196277647905,0.19373569779133687,0.7143241601780564,0.1896907502603387
50,0.25,26,0.7575346160762453,0.16427341427078954,0.750873734857384,0.1391900898681832
50,0.25,27,0.7270657255889229,0.17933463138299566,0.7277129421862101,0.14542184946060568
50,0.25,28,0.75330988131631,0.16784561472300816,0.7477642934294412,0.13242960187544806
50,0.25,29,0.7610052148894084,0.16525468076281916,0.7559415788688907,0.14173813848043515
50,0.25,3,0.7269893004855242,0.1808187100860952,0.7183227927511828,0.11152078078963347
50,0.25,4,0.7670405502607445,0.16009871092793618,0.7634351508715528,0.1307586145619395
50,0.25,5,0.7434195738176587,0.17249316024653533,0.7442675356131054,0.11623306240041315
50,0.25,6,0.7447199244740155,0.1698469970260707,0.7452876506078867,0.1332468880206251
50,0.25,7,0.7338731792843014,0.17177022098714104,0.7317315770141362,0.1309900552640024
50,0.25,8,0.748733366301025,0.1689465962451618,0.7476951947310424,0.12684744724917418
50,0.25,9,0.7355556554576514,0.18280413400730983,0.7383341394848146,0.12750259812191675
50,0.5,0,0.6984377809746448,0.18945809582312467,0.6971058555691733,0.11171676572095038
50,0.5,1,0.7124145837079662,0.18721137654996473,0.7085235062861631,0.1017160594656392
50,0.5,10,0.6876393634238447,0.18897961621915957,0.6989606101051391,0.12108457061132348
50,0.5,11,0.7172956752382665,0.20115551761302256,0.712827627841684,0.1050568611846597
50,0.5,12,0.7117278816759576,0.18351452012588926,0.7112038084293139,0.10664765141621317
50,0.5,13,0.6697221722711743,0.20090800096677472,0.6766744614847492,0.10910246503448788
50,0.5,14,0.7102409638554217,0.1901808461919507,0.7066069265989985,0.10474418690669592
50,0.5,15,0.7005349757237906,0.1867691563708099,0.7016590961162895,0.128975458378875
50,0.5,16,0.6750640622190254,0.1996503951843573,0.6856209245405845,0.1551890403483925
50,0.5,17,0.7376236288437331,0.18181617825773885,0.7372722015936342,0.1215264598066559
50,0.5,18,0.7472161032188456,0.1754324344403301,0.7457858885910775,0.09776583079937948
50,0.5,19,0.7334899298687286,0.17151415244013427,0.7349683055180766,0.12488951179052359
50,0.5,2,0.6867582269376011,0.18844539148780967,0.6899377748037051,0.12064843302971814
50,0.5,20,0.6776782503146916,0.19325465220487134,0.6755106939327706,0.11770777384394657
50,0.5,21,0.7154670922495954,0.18095205663707323,0.7032156352170609,0.12680022939447885
50,0.5,22,0.6701481298327638,0.19607497882517347,0.6602580654546513,0.14447583997940958
50,0.5,23,0.7346981208415753,0.17337297642141652,0.7340609305048933,0.13124819629176776
50,0.5,24,0.7131720913504765,0.1971982514759127,0.7163243856580196,0.09966058983698846
50,0.5,25,0.7186657076065456,0.17889018764816075,0.718042761183988,0.12775053730326918
50,0.5,26,0.6635126326200323,0.19649922835778091,0.6703410202604657,0.12137572757155414
50,0.5,27,0.6867795810106097,0.1946037251738475,0.6761325822183591,0.1527266755504375
50,0.5,28,0.7101555475633878,0.18735600394105553,0.7032810971418596,0.10468153664974865
50,0.5,29,0.7014532008631541,0.19042521148326727,0.6957802515919976,0.11276890517966398
50,0.5,3,0.7055767847509441,0.18732631330551253,0.7004444137339119,0.1074626727961206
50,0.5,4,0.7324941557273872,0.17948499711419041,0.7401743469263808,0.11380458106525208
50,0.5,5,0.7052913145117785,0.19154210876274552,0.7058559328506122,0.10515634403796653
50,0.5,6,0.7112918090271534,0.1852798200814147,0.7131367535976783,0.1073951189604745
50,0.5,7,0.6849622370077324,0.1896274352891808,0.680053024159087,0.12798107129952993
50,0.5,8,0.7127697356590541,0.18121160760789665,0.7141386847244598,0.11352524613480944
50,0.5,9,0.697492582269376,0.18976358408513896,0.6994915790507293,0.12039522113465502
50,1.0,0,0.6622752202841216,0.22820248093188034,0.6540810054951649,0.23182949142385262
50,1.0,1,0.6793944434454234,0.19785575472385095,0.6770799617411417,0.09791493581542472
50,1.0,10,0.6542427171372055,0.21286028008179364,0.6447035847677375,0.11671755706906269
50,1.0,11,0.6982624527962596,0.19714591167131174,0.699838890929523,0.10459641805397997
50,1.0,12,0.7355286818917461,0.18205459851527936,0.7438911295455124,0.1622668102246613
50,1.0,13,0.5986333393274591,0.2139899969936413,0.5944470103902622,0.13511792180833682
50,1.0,14,0.6925316939399389,0.20361049236394232,0.6876975222661463,0.09952726318580264
50,1.0,15,0.6417573278187376,0.2033891275149152,0.6529590608395855,0.14152685034768392
50,1.0,16,0.6787144848048912,0.19443032660213994,0.6804221566794803,0.1150933437548611
50,1.0,17,0.7126607174968531,0.20704676495355848,0.7138822921856646,0.10064354877854559
50,1.0,18,0.7128169393993886,0.19328789815403208,0.7124348562928912,0.10268682652914614
50,1.0,19,0.6977803003057004,0.18320443732135583,0.6827824227458368,0.11643667079795071
50,1.0,2,0.7139678115446862,0.18276702269166983,0.7050867552342264,0.10637344166895375
50,1.0,20,0.6173990739075705,0.22038098121430277,0.6270270466852627,0.13938505829083075
50,1.0,21,0.711978511059162,0.1844108158859122,0.713262222286876,0.11814808865461747
50,1.0,22,0.6879113468800575,0.19971461491471157,0.6861682589673745,0.11336715863847137
50,1.0,23,0.6975015734580111,0.19903703812119103,0.7013190577846957,0.10486661042175072
50,1.0,24,0.7239795000899119,0.19307510372286063,0.7279584244042056,0.10712112904220907
50,1.0,25,0.7049788707067074,0.18054589548050495,0.696683989831581,0.1335864039668862
50,1.0,26,0.6871987951807229,0.20304635163759405,0.676738105022748,0.1027519118348215
50,1.0,27,0.6510699514475814,0.20528075777508523,0.6574213820467034,0.14029284344514978
50,1.0,28,0.7139779266319007,0.19002948071840467,0.7127458004356855,0.10383909096611173
50,1.0,29,0.7035616345980938,0.19219346746771795,0.69402550833003,0.11160433997082139
50,1.0,3,0.6919292843013847,0.18936225312158386,0.6810731391538682,0.11042129829822099
50,1.0,4,0.7371639543247618,0.17565391151663287,0.73695580229044,0.12259325977895338
50,1.0,5,0.7101566714619673,0.18681670600488287,0.7107837610785216,0.10831158882947939
50,1.0,6,0.684663279985614,0.19973253138704622,0.684348053780608,0.18331720745592414
50,1.0,7,0.685900692321525,0.20944158235989546,0.6741159912571962,0.1049751039157545
50,1.0,8,0.6664392645207696,0.19895462199740005,0.6696845826256778,0.1496367344192862
50,1.0,9,0.6814118413954324,0.20860872266976307,0.6696463965028785,0.10685460064665751
100,0.01,0,0.5955851225321457,0.30302285853798233,0.6106230929821744,0.15041332949003636
100,0.01,1,0.6166471390636158,0.30364651139705623,0.6313585996466998,0.15059358159365102
100,0.01,10,0.6235156527279492,0.3008822422330253,0.6333772281997752,0.14841554550612665
100,0.01,11,0.5945641994894316,0.30470756572045504,0.6096852416894171,0.15192371751619044
100,0.01,12,0.6065736753657149,0.3032025560391864,0.6177709972699534,0.1506407505792204
100,0.01,13,0.6284738109186383,0.30394495359824303,0.6437546169905252,0.15067342041050566
100,0.01,14,0.6016711067019589,0.30258138712337646,0.6218066484663561,0.14996599698527002
100,0.01,15,0.6293108609107275,0.30220229397305526,0.6486863658262406,0.14943371307984352
100,0.01,16,0.6073765164181529,0.30353958694804944,0.6233065681708688,0.15089176144571514
100,0.01,17,0.6297694745079258,0.3037611901545842,0.6460623092982174,0.15087207200464603
100,0.01,18,0.6306492856745789,0.30135898811147077,0.636431668540228,0.14903861692357143
100,0.01,19,0.6051817991336585,0.3035224476591432,0.6188662277180023,0.15079988671491784
100,0.01,2,0.6182560282565841,0.302682738281003,0.63686044644291,0.14999561693731198
100,0.01,20,0.6115072458810299,0.3037282322282874,0.6223687168781115,0.1509900680522093
100,0.01,21,0.6164386783376166,0.3031810014443013,0.6336084792034687,0.15040974241319757
100,0.01,22,0.6091532432212848,0.30121558881308136,0.6245832664204272,0.14889756810083912
100,0.01,23,0.628231141252988,0.30228117762158957,0.6403822065199936,0.1495550327399149
100,0.01,24,0.6177696198959193,0.3037971693467193,0.6268315400674482,0.15105682922999078
100,0.01,25,0.6169913665188556,0.3033905631180274,0.6342251485466517,0.15060018669575073
100,0.01,26,0.5952141693428035,0.3049466469534077,0.609497350248916,0.15216236945032283
100,0.01,27,0.6151066677499497,0.3032072634500495,0.6339264493335475,0.15036208415360677
100,0.01,28,0.6310042034234596,0.3027934189557215,0.647751726352979,0.15004704344129005
100,0.01,29,0.6274411285529191,0.3029561374250133,0.6401477436968043,0.15015808237201198
100,0.01,3,0.6227031904112342,0.3051518961320305,0.6303436646860446,0.15221755627871422
100,0.01,4,0.5948528374177382,0.3030569634067496,0.6165858358760238,0.1503735013681648
100,0.01,5,0.597464476154231,0.3007517214689152,0.6062871366629196,0.1485577724740059
100,0.01,6,0.614871481289848,0.3045612777249615,0.6306905411915851,0.15155592939554322
100,0.01,7,0.6238652253300093,0.3041424454614403,0.6357973341898185,0.15126711179381006
100,0.01,8,0.6152488486553749,0.30131129586651506,0.6344547936405974,0.1488771254552094
100,0.01,9,0.6166022398303237,0.30334963140422816,0.6315207965312349,0.15050319353905603
100,0.05,0,0.6730865443412,0.27328956044656816,0.6779299823349928,0.12700646023911424
100,0.05,1,0.672274082024485,0.27782574234702,0.6800048177292436,0.1298790647817308
100,0.05,10,0.6723339476688746,0.2737938180697788,0.6888003854183395,0.12730014164755507
100,0.05,11,0.6573119470445614,0.2746179557377737,0.6645334832182431,0.12872281610763467
100,0.05,12,0.6615848574128634,0.27161812865961227,0.6818740966757668,0.12611833342406223
100,0.05,13,0.6816280889603475,0.27637219597834195,0.6901027782238638,0.12865179617805697
100,0.05,14,0.6700633292995292,0.27339769672343966,0.6768299341577003,0.1274321642880792
100,0.05,15,0.6840644068811282,0.27487086281903494,0.6842347840051389,0.12803620862699605
100,0.05,16,0.6866792527057133,0.27434389474720294,0.6908704030833467,0.12788175939271
100,0.05,17,0.6755752447008214,0.27849907162183424,0.6869841014934961,0.13010341963887462
100,0.05,18,0.6804970558931313,0.2743709117338777,0.6806343343504095,0.12803910097870252
100,0.05,19,0.6729176377016723,0.27575666369302165,0.6848659065360527,0.1286495917467284
100,0.05,2,0.6899237568257525,0.27363413525044045,0.6888244740645576,0.12739935651884152
100,0.05,20,0.6621129579187282,0.2747110422187365,0.6670322787859322,0.12850124421473685
100,0.05,21,0.6686586247151036,0.27255331997128474,0.6868925646378673,0.126225407665733
100,0.05,22,0.6933927571122523,0.2719190334437337,0.7003324233178095,0.12603488082227357
100,0.05,23,0.6757580487220823,0.27305067822096313,0.6858246346555323,0.12657639295952292
100,0.05,24,0.6782328516999705,0.2753523592607502,0.6860317970130079,0.128510736354331
100,0.05,25,0.6560857703639403,0.2760330366483214,0.6671832343022323,0.12881777402219466
100,0.05,26,0.6704032806373126,0.2762556551595928,0.6782720411112896,0.12926397184490246
100,0.05,27,0.6889252833996844,0.2757825210407362,0.6890894491729564,0.12874850294745777
100,0.05,28,0.6746783290643428,0.2748379692334652,0.685816605106793,0.12819242372816117
100,0.05,29,0.6746772600349786,0.27339384147820456,0.6859402601573792,0.12712045081067527
100,0.05,3,0.6908324317852362,0.27616146422039695,0.6943905572506825,0.12873312038102216
100,0.05,4,0.6805002629812236,0.2746380932794164,0.6961827525293078,0.12741616135740738
100,0.05,5,0.6898382344766246,0.2724857522322417,0.6849044483700016,0.12642620836037075
100,0.05,6,0.6891743672415194,0.2771536154658075,0.6996466998554681,0.1293189514180537
100,0.05,7,0.693465451109011,0.27443382136317646,0.7052272362293239,0.12731942063406257
100,0.05,8,0.6851002963349397,0.2727888892897333,0.6985370162196884,0.126776347805131
100,0.05,9,0.6811288522473136,0.2760595174997451,0.692399229163321,0.12850675615524765
100,0.1,0,0.678639082858328,0.2526819704590427,0.683253573149189,0.11477064123053171
100,0.1,1,0.6840601307636718,0.2562730772751962,0.6906519993576361,0.11666289466302698
100,0.1,10,0.6873206703241724,0.2519047779395573,0.7003709651517585,0.11493527569005375
100,0.1,11,0.6666285379526805,0.2526642041582528,0.674246025373374,0.11788093527752981
100,0.1,12,0.6882742445169484,0.24905040100202713,0.7017761361811466,0.11456994407858372
100,0.1,13,0.6841659646707176,0.25500401787346694,0.6977469086237353,0.1156994595582076
100,0.1,14,0.6847774494669819,0.24892205733990458,0.6908334671591456,0.11549848848214349
100,0.1,15,0.6921398546975288,0.25581743041564076,0.6920025694555966,0.11710835909745188
100,0.1,16,0.6935680779279645,0.25182012106740886,0.6992789465232054,0.11534319370307039
100,0.1,17,0.6844973637735882,0.2581150699317816,0.6940099566404369,0.11731880840022298
100,0.1,18,0.6908313627558722,0.2516111515702849,0.6884775975590172,0.11549569064502589
100,0.1,19,0.6883309030732456,0.2550988660495674,0.6969198651035812,0.11657864538007873
100,0.1,2,0.6790014838127574,0.2529257512656838,0.6843536213264815,0.11739692573252747
100,0.1,20,0.6708458587940493,0.2540064457637109,0.6776441303998715,0.11718254648074981
100,0.1,21,0.68646972295035,0.2513852649813745,0.7015641560944275,0.11469655226738056
100,0.1,22,0.6977875368280616,0.2504346206316844,0.6997029066966437,0.11463837502885739
100,0.1,23,0.6779912510636842,0.25384432943674373,0.6858952946844388,0.11630912327638511
100,0.1,24,0.6904219245094224,0.2505974379428539,0.6993319415448852,0.11429070996028139
100,0.1,25,0.674279581111534,0.25501470866536247,0.6773791552914726,0.11646380003865746
100,0.1,26,0.6718464702788456,0.2553942486371953,0.6840806166693432,0.1186934494610069
100,0.1,27,0.7084436215293962,0.25229392312391274,0.7127075638349125,0.11377952618164473
100,0.1,28,0.6803324253710601,0.2527089112434119,0.6815882447406456,0.11796702364330218
100,0.1,29,0.696078158874868,0.25151108279312356,0.7015497029066966,0.11459950267894974
100,0.1,3,0.6952860081160709,0.2515847022659634,0.7004673197366308,0.11402001747036912
100,0.1,4,0.6897527121274967,0.2528963116168765,0.6995439216316043,0.11491003429921472
100,0.1,5,0.695763864241823,0.2537157620100092,0.6985273807612012,0.11537564461111449
100,0.1,6,0.7036714744480601,0.25506549901988324,0.7068941705476153,0.11537596846932181
100,0.1,7,0.6886558879999316,0.2508068431423363,0.6964332744499759,0.11539574469573056
100,0.1,8,0.6940769359052754,0.25045829876424186,0.7003789947004978,0.11557502028347766
100,0.1,9,0.6943131913947412,0.2527364675854689,0.6944869118355549,0.11537709584353513
100,0.25,0,0.5902581492108425,0.21506662533822207,0.5890910550827043,0.12835334259425177
100,0.25,1,0.6434648096913926,0.2059691653465732,0.6425036132969327,0.11759080418999472
100,0.25,10,0.6691097551067533,0.1962535639633865,0.6771366629195439,0.11161138555434456
100,0.25,11,0.6199996151494289,0.21133316984688608,0.6345591777742091,0.13601425259505093
100,0.25,12,0.6324484620943568,0.20124518542558967,0.6400256945559659,0.12904357175296846
100,0.25,13,0.6386809032870515,0.21563147271076158,0.6627910711418018,0.11714302395490139
100,0.25,14,0.6102318938496603,0.20271929635000316,0.6078641400353301,0.1382933543826186
100,0.25,15,0.6674057223003802,0.2033641088624815,0.6720186285530754,0.10924173853891077
100,0.25,16,0.6619739841013953,0.2029413769462241,0.6720411112895456,0.10996130139948579
100,0.25,17,0.6520619438374733,0.21748350071493208,0.6648273647021038,0.11509731122968264
100,0.25,18,0.629814373741218,0.20291351237145344,0.6304207483539425,0.13388158056681398
100,0.25,19,0.6348751587508605,0.20966102751605303,0.6422964509394572,0.11920257953430835
100,0.25,2,0.5884867675545312,0.21453486295569124,0.587750120443231,0.15299661775226983
100,0.25,20,0.6104253881645622,0.20852969608290284,0.6128537016219688,0.15313608216955535
100,0.25,21,0.6067169253005041,0.21170505578037907,0.6088646218082544,0.13949263237456438
100,0.25,22,0.6135277113791762,0.20860328743081302,0.6220427171992934,0.13032333591748643
100,0.25,23,0.6207618330860312,0.20999289564515028,0.6320443231090412,0.1358044612835686
100,0.25,24,0.6625159819889933,0.20714314906403772,0.6735249718965794,0.10724533805966956
100,0.25,25,0.6303520955113595,0.2042376741603239,0.6358888710454472,0.11880233309421177
100,0.25,26,0.6449015851567411,0.20696098333972238,0.6588052031475831,0.1429391167353069
100,0.25,27,0.6680225522434651,0.19940016117748796,0.6760478561104866,0.11688339967990513
100,0.25,28,0.5949169791795841,0.21280040127418962,0.5923863818853381,0.17270641814484175
100,0.25,29,0.6680984533283161,0.19906700500329835,0.6660799743054441,0.11971423236910504
100,0.25,3,0.6400513989318258,0.21235872786366214,0.6590493014292597,0.13181311936304052
100,0.25,4,0.6215881927844794,0.2016070536126893,0.626381885338044,0.1386118132924953
100,0.25,5,0.6594970430647789,0.20648160832931092,0.6589144050104384,0.11445272886127868
100,0.25,6,0.6506508250768632,0.21615523492362007,0.6585691344146459,0.11348061265016
100,0.25,7,0.6445605647895937,0.20418847687390643,0.6462710775654408,0.13508018806407243
100,0.25,8,0.6369832846568629,0.20186232842228968,0.630791713505701,0.1413399248407995
100,0.25,9,0.6707902692671163,0.19332525267159315,0.6796193993897542,0.12235055712452343
100,0.5,0,0.5431759579572132,0.2395472382702359,0.5522402440982817,0.1183737811286258
100,0.5,1,0.5449280970849707,0.224144054668479,0.5442942026658102,0.12322930233029883
100,0.5,10,0.5867741825132453,0.24328639894760956,0.5829821744017987,0.11883629497915742
100,0.5,11,0.5430059822883215,0.2343345838747634,0.5558374819335153,0.12332863630426454
100,0.5,12,0.5731440581209885,0.2393097882224678,0.5805572506825116,0.11896979426179982
100,0.5,13,0.5878218312900618,0.22797358584952612,0.5901911032599968,0.11518622620966412
100,0.5,14,0.5028222375212202,0.23639445511925616,0.5139762325357314,0.13156586202110623
100,0.5,15,0.593842604668665,0.23907495152790337,0.6059081419624217,0.11433703335151602
100,0.5,16,0.5675327229888351,0.24244912489902234,0.5819270916974466,0.12443969305680824
100,0.5,17,0.557868697537384,0.231121795297185,0.5667978159627429,0.132143922819112
100,0.5,18,0.48775961378107136,0.24634563766281226,0.4927252288421391,0.12986149541256467
100,0.5,19,0.5835628183034932,0.2371420883498447,0.6008398907981372,0.11722530012494208
100,0.5,2,0.5473900717104897,0.23184515004532896,0.561972057170387,0.12563495466119468
100,0.5,20,0.5480913549733384,0.23140428505195523,0.5470772442588726,0.12100435771726555
100,0.5,21,0.5189068533334473,0.24913292391331068,0.530502649751084,0.1296945133033949
100,0.5,22,0.5898561941699415,0.2373122853398617,0.5986992131042236,0.11275714088215971
100,0.5,23,0.5246357816956516,0.24509788051195788,0.5372699534286173,0.12337869580468103
100,0.5,24,0.6150521472523808,0.22398567749306617,0.6274064557571865,0.11922997132196873
100,0.5,25,0.5322836177664128,0.23383231707379112,0.5376617954070981,0.1389543898794008
100,0.5,26,0.595891933959642,0.22823641032940695,0.5998843744981532,0.11754939994959636
100,0.5,27,0.6048012246800395,0.23179712751608988,0.612034687650554,0.11113761482159963
100,0.5,28,0.5210481191497368,0.2344581307040098,0.5380359723783523,0.11909838719286518
100,0.5,29,0.6127387677084715,0.2277551875948449,0.5930142925967561,0.11293490223752685
100,0.5,3,0.5763458010664637,0.2309077082892301,0.5752449012365505,0.1429344754878553
100,0.5,4,0.5191869390268412,0.24582990624393883,0.5211145013650232,0.16747562379584857
100,0.5,5,0.5945877181354418,0.23123319178591653,0.5949156897382367,0.11596178674224951
100,0.5,6,0.6275587217829699,0.221577167521967,0.6407595953107436,0.11162137899204376
100,0.5,7,0.5947790743916154,0.22494522745959264,0.6111418018307371,0.12418978800641382
100,0.5,8,0.5212373373471823,0.23615213917181274,0.5266275895294684,0.1261835467050518
100,0.5,9,0.6315355110174167,0.23666060876807493,0.642399229163321,0.11149195321491386
100,1.0,0,0.521506732746935,0.2523836451549633,0.5267223382045929,0.1228753523973571
100,1.0,1,0.5585400479780379,0.2356972771164502,0.5658358760237675,0.12032835754681863
100,1.0,10,0.6105857425691769,0.21260781257392647,0.6143793158824474,0.12274572587642579
100,1.0,11,0.5774404871353006,0.23115223798402781,0.5726304801670146,0.1288541937016987
100,1.0,12,0.5395433961780062,0.238466225671707,0.5558519351212462,0.12107860173030109
100,1.0,13,0.5605241664778048,0.2318164746158984,0.5630431989722178,0.12998863953893627
100,1.0,14,0.5385278182821126,0.23801514238473195,0.531846796210053,0.13454727257933455
100,1.0,15,0.5918884189910929,0.23727733183486693,0.599672394411434,0.12228231234651021
100,1.0,16,0.5788270182205365,0.24246239756434468,0.5755018467962101,0.11846090424019777
100,1.0,17,0.6010222058779511,0.23070892554836755,0.594722980568492,0.12239024769569036
100,1.0,18,0.5199063957888795,0.23464247461958537,0.5325742733258391,0.12035873779204327
100,1.0,19,0.5641898681672988,0.22965696635956875,0.580979604946202,0.1457517307673629
100,1.0,2,0.5103695848317562,0.22755001898936894,0.5150056206841176,0.1359168455482488
100,1.0,20,0.5410753152567594,0.23945429703843601,0.5416396338525775,0.122574280193674
100,1.0,21,0.5705089007384855,0.23429708062535948,0.5875028103420588,0.12433261219946283
100,1.0,22,0.5067594726691953,0.2282729634857779,0.5118821262245061,0.1389761621257243
100,1.0,23,0.5742611938064714,0.23175089085337822,0.5721936727155934,0.1203377580369271
100,1.0,24,0.6391363097961574,0.2270076440530747,0.6578689577645737,0.1063810898788667
100,1.0,25,0.6069168337915906,0.2344148760702594,0.6022900273004658,0.1124989893895219
100,1.0,26,0.5678940549139003,0.2275449715466562,0.5731797013007869,0.13411121655672228
100,1.0,27,0.5602986012819801,0.2232452065256636,0.5716348161233339,0.13321964191070504
100,1.0,28,0.49089507690597245,0.24285386662074826,0.47771318451903005,0.15174263137181832
100,1.0,29,0.5501417532936794,0.24823582707931702,0.5471366629195439,0.12246799241095263
100,1.0,3,0.5652535523845769,0.25508529671073826,0.5743070499437931,0.19823936771165748
100,1.0,4,0.5437446815789136,0.23132786855901166,0.5375814999197045,0.13415862477992624
100,1.0,5,0.584884138597519,0.22611362979616206,0.5937096515175847,0.11583769751291266
100,1.0,6,0.6014359202418572,0.2252193278167041,0.6041930303516942,0.11913377620040976
100,1.0,7,0.5887422655725507,0.22714994411537892,0.6036903806006102,0.12618602838346388
100,1.0,8,0.531699927733615,0.2350199364752234,0.5459916492693111,0.11806315174904354
100,1.0,9,0.5912662439011874,0.21853363927272992,0.5982848883892725,0.1293593577599487
