H,tau,formula,n_runs,mean,median,p90
30,0.01,paper,30,0.8437669583233118,0.4976762606796557,1.9173852321708693
30,0.01,sqrt,30,0.2598375230158414,0.21489617667090424,0.4195171743503886
30,0.05,paper,30,1.158361653816234,0.5733444905444739,2.8141478637950477
30,0.05,sqrt,30,0.2894122437100378,0.18626620877575992,0.7257787542253255
30,0.1,paper,30,1.4431510284632756,1.2081301132633662,2.913513242573776
30,0.1,sqrt,30,0.3460315328637007,0.23510105341534127,0.7754844273255277
30,0.25,paper,30,1.704772004588222,1.5723008528548952,2.4344150229805397
30,0.25,sqrt,30,0.3507969137524264,0.3094249334504377,0.653458912565748
30,0.5,paper,30,1.4348169788905558,1.3234554955565994,2.021658778463408
30,0.5,sqrt,30,0.29268573499494593,0.26527442404732576,0.5098235023077238
30,1.0,paper,30,1.3980003614074608,1.284668615466443,2.026671318425535
30,1.0,sqrt,30,0.3002794496353037,0.275369925310306,0.499073618870723
50,0.01,paper,30,0.8662869689727614,0.6754502090127632,1.3998691042146298
50,0.01,sqrt,30,0.2957856350558775,0.26330840599930755,0.4739689276534741
50,0.05,paper,30,0.9467383739078762,0.6369355582978178,2.0034566648934238
50,0.05,sqrt,30,0.2725583206939716,0.22761911760541498,0.5060106880825301
50,0.1,paper,30,1.0652039831670759,0.8018945349966972,2.190562441016616
50,0.1,sqrt,30,0.2597770286999753,0.2130481592332126,0.4882952949037931
50,0.25,paper,30,1.479697003027353,1.363642601671503,2.229597831527893
50,0.25,sqrt,30,0.2253406390318551,0.1932174669278454,0.41138103517519387
50,0.5,paper,30,1.4885666504879345,1.3401875702585528,2.238438240230654
50,0.5,sqrt,30,0.258706388176788,0.23757942691571693,0.42102945669092284
50,1.0,paper,30,1.5654766244318794,1.4223863070097025,2.3405181303455573
50,1.0,sqrt,30,0.2941894256044393,0.2692970067828675,0.4735078943774288
100,0.01,paper,30,0.9123298226641761,0.8371003472267136,1.3414144978306508
100,0.01,sqrt,30,0.30054482922067344,0.2974039907405438,0.4584311378284419
100,0.05,paper,30,0.9124719485325784,0.8382187850731757,1.5031432577665647
100,0.05,sqrt,30,0.2907027588239198,0.26831322296489407,0.4857490309730024
100,0.1,paper,30,0.9779997903083791,0.9251536990843342,1.6129393751108445
100,0.1,sqrt,30,0.2921275451347043,0.2571953421334038,0.5223160542546617
100,0.25,paper,30,1.6883866572709623,1.5343223890847406,2.648243733710342
100,0.25,sqrt,30,0.23478106987731368,0.19836162514144398,0.43705419761072556
100,0.5,paper,30,1.85861452893677,1.7464316998398342,2.8686036599224503
100,0.5,sqrt,30,0.3800059156991597,0.3179364922683584,0.7088649626082337
100,1.0,paper,30,1.9923411129098283,1.893075818707757,3.0867722447474066
100,1.0,sqrt,30,0.40703574886497584,0.34437793929794824,0.7403293820024883
